ID,DateTime,TempF,Location
1,7/10/2015 0:00,60.775,NineMileCreekWMA
2,7/10/2015 1:00,60.046,NineMileCreekWMA
3,7/10/2015 2:00,59.702,NineMileCreekWMA
4,7/10/2015 3:00,59.745,NineMileCreekWMA
5,7/10/2015 4:00,58.368,NineMileCreekWMA
6,7/10/2015 5:00,57.247,NineMileCreekWMA
7,7/10/2015 6:00,57.031,NineMileCreekWMA
8,7/10/2015 7:00,57.893,NineMileCreekWMA
9,7/10/2015 8:00,59.185,NineMileCreekWMA
10,7/10/2015 9:00,60.733,NineMileCreekWMA
11,7/10/2015 10:00,63.262,NineMileCreekWMA
12,7/10/2015 11:00,64.161,NineMileCreekWMA
13,7/10/2015 12:00,67.798,NineMileCreekWMA
14,7/10/2015 13:00,68.698,NineMileCreekWMA
15,7/10/2015 14:00,70.502,NineMileCreekWMA
16,7/10/2015 15:00,71.017,NineMileCreekWMA
17,7/10/2015 16:00,70.587,NineMileCreekWMA
18,7/10/2015 17:00,69.17,NineMileCreekWMA
19,7/10/2015 18:00,69.685,NineMileCreekWMA
20,7/10/2015 19:00,68.185,NineMileCreekWMA
21,7/10/2015 20:00,66.301,NineMileCreekWMA
22,7/10/2015 21:00,63.433,NineMileCreekWMA
23,7/10/2015 22:00,61.29,NineMileCreekWMA
24,7/10/2015 23:00,59.873,NineMileCreekWMA
25,7/11/2015 0:00,58.885,NineMileCreekWMA
26,7/11/2015 1:00,58.368,NineMileCreekWMA
27,7/11/2015 2:00,59.099,NineMileCreekWMA
28,7/11/2015 3:00,60.775,NineMileCreekWMA
29,7/11/2015 4:00,60.26,NineMileCreekWMA
30,7/11/2015 5:00,58.712,NineMileCreekWMA
31,7/11/2015 6:00,56.901,NineMileCreekWMA
32,7/11/2015 7:00,56.685,NineMileCreekWMA
33,7/11/2015 8:00,59.401,NineMileCreekWMA
34,7/11/2015 9:00,62.233,NineMileCreekWMA
35,7/11/2015 10:00,64.332,NineMileCreekWMA
36,7/11/2015 11:00,68.27,NineMileCreekWMA
37,7/11/2015 12:00,71.103,NineMileCreekWMA
38,7/11/2015 13:00,74.034,NineMileCreekWMA
39,7/11/2015 14:00,77.464,NineMileCreekWMA
40,7/11/2015 15:00,77.684,NineMileCreekWMA
41,7/11/2015 16:00,74.64,NineMileCreekWMA
42,7/11/2015 17:00,72.567,NineMileCreekWMA
43,7/11/2015 18:00,69.042,NineMileCreekWMA
44,7/11/2015 19:00,69.256,NineMileCreekWMA
45,7/11/2015 20:00,66.13,NineMileCreekWMA
46,7/11/2015 21:00,63.689,NineMileCreekWMA
47,7/11/2015 22:00,64.546,NineMileCreekWMA
48,7/11/2015 23:00,62.49,NineMileCreekWMA
49,7/12/2015 0:00,60.561,NineMileCreekWMA
50,7/12/2015 1:00,58.842,NineMileCreekWMA
51,7/12/2015 2:00,57.29,NineMileCreekWMA
52,7/12/2015 3:00,56.165,NineMileCreekWMA
53,7/12/2015 4:00,55.429,NineMileCreekWMA
54,7/12/2015 5:00,55.213,NineMileCreekWMA
55,7/12/2015 6:00,54.387,NineMileCreekWMA
56,7/12/2015 7:00,57.074,NineMileCreekWMA
57,7/12/2015 8:00,60.69,NineMileCreekWMA
58,7/12/2015 9:00,66.344,NineMileCreekWMA
59,7/12/2015 10:00,72.221,NineMileCreekWMA
60,7/12/2015 11:00,73.774,NineMileCreekWMA
61,7/12/2015 12:00,75.16,NineMileCreekWMA
62,7/12/2015 13:00,81.642,NineMileCreekWMA
63,7/12/2015 14:00,83.736,NineMileCreekWMA
64,7/12/2015 15:00,80.096,NineMileCreekWMA
65,7/12/2015 16:00,81.333,NineMileCreekWMA
66,7/12/2015 17:00,82.13,NineMileCreekWMA
67,7/12/2015 18:00,79.612,NineMileCreekWMA
68,7/12/2015 19:00,69.901,NineMileCreekWMA
69,7/12/2015 20:00,69.814,NineMileCreekWMA
70,7/12/2015 21:00,70.974,NineMileCreekWMA
71,7/12/2015 22:00,63.903,NineMileCreekWMA
72,7/12/2015 23:00,61.205,NineMileCreekWMA
73,7/13/2015 0:00,64.931,NineMileCreekWMA
74,7/13/2015 1:00,58.885,NineMileCreekWMA
75,7/13/2015 2:00,56.512,NineMileCreekWMA
76,7/13/2015 3:00,55.342,NineMileCreekWMA
77,7/13/2015 4:00,54.952,NineMileCreekWMA
78,7/13/2015 5:00,54.82,NineMileCreekWMA
79,7/13/2015 6:00,54.734,NineMileCreekWMA
80,7/13/2015 7:00,57.031,NineMileCreekWMA
81,7/13/2015 8:00,60.861,NineMileCreekWMA
82,7/13/2015 9:00,64.803,NineMileCreekWMA
83,7/13/2015 10:00,72.136,NineMileCreekWMA
84,7/13/2015 11:00,72.351,NineMileCreekWMA
85,7/13/2015 12:00,71.661,NineMileCreekWMA
86,7/13/2015 13:00,71.877,NineMileCreekWMA
87,7/13/2015 14:00,75.204,NineMileCreekWMA
88,7/13/2015 15:00,75.463,NineMileCreekWMA
89,7/13/2015 16:00,73.861,NineMileCreekWMA
90,7/13/2015 17:00,73.688,NineMileCreekWMA
91,7/13/2015 18:00,73.645,NineMileCreekWMA
92,7/13/2015 19:00,71.92,NineMileCreekWMA
93,7/13/2015 20:00,66.985,NineMileCreekWMA
94,7/13/2015 21:00,64.418,NineMileCreekWMA
95,7/13/2015 22:00,62.49,NineMileCreekWMA
96,7/13/2015 23:00,61.506,NineMileCreekWMA
97,7/14/2015 0:00,60.517,NineMileCreekWMA
98,7/14/2015 1:00,59.272,NineMileCreekWMA
99,7/14/2015 2:00,58.712,NineMileCreekWMA
100,7/14/2015 3:00,57.679,NineMileCreekWMA
101,7/14/2015 4:00,57.333,NineMileCreekWMA
102,7/14/2015 5:00,56.469,NineMileCreekWMA
103,7/14/2015 6:00,55.299,NineMileCreekWMA
104,7/14/2015 7:00,58.239,NineMileCreekWMA
105,7/14/2015 8:00,61.075,NineMileCreekWMA
106,7/14/2015 9:00,64.503,NineMileCreekWMA
107,7/14/2015 10:00,71.49,NineMileCreekWMA
108,7/14/2015 11:00,75.074,NineMileCreekWMA
109,7/14/2015 12:00,76.636,NineMileCreekWMA
110,7/14/2015 13:00,78.645,NineMileCreekWMA
111,7/14/2015 14:00,79.524,NineMileCreekWMA
112,7/14/2015 15:00,76.681,NineMileCreekWMA
113,7/14/2015 16:00,75.681,NineMileCreekWMA
114,7/14/2015 17:00,77.464,NineMileCreekWMA
115,7/14/2015 18:00,76.507,NineMileCreekWMA
116,7/14/2015 19:00,71.19,NineMileCreekWMA
117,7/14/2015 20:00,68.527,NineMileCreekWMA
118,7/14/2015 21:00,68.871,NineMileCreekWMA
119,7/14/2015 22:00,66.515,NineMileCreekWMA
120,7/14/2015 23:00,64.589,NineMileCreekWMA
121,7/15/2015 0:00,64.288,NineMileCreekWMA
122,7/15/2015 1:00,63.561,NineMileCreekWMA
123,7/15/2015 2:00,62.062,NineMileCreekWMA
124,7/15/2015 3:00,61.633,NineMileCreekWMA
125,7/15/2015 4:00,61.419,NineMileCreekWMA
126,7/15/2015 5:00,61.29,NineMileCreekWMA
127,7/15/2015 6:00,62.319,NineMileCreekWMA
128,7/15/2015 7:00,63.862,NineMileCreekWMA
129,7/15/2015 8:00,65.959,NineMileCreekWMA
130,7/15/2015 9:00,66.857,NineMileCreekWMA
131,7/15/2015 10:00,69.3,NineMileCreekWMA
132,7/15/2015 11:00,70.072,NineMileCreekWMA
133,7/15/2015 12:00,71.62,NineMileCreekWMA
134,7/15/2015 13:00,72.307,NineMileCreekWMA
135,7/15/2015 14:00,73.818,NineMileCreekWMA
136,7/15/2015 15:00,74.813,NineMileCreekWMA
137,7/15/2015 16:00,73.083,NineMileCreekWMA
138,7/15/2015 17:00,69.942,NineMileCreekWMA
139,7/15/2015 18:00,70.673,NineMileCreekWMA
140,7/15/2015 19:00,69.386,NineMileCreekWMA
141,7/15/2015 20:00,66.686,NineMileCreekWMA
142,7/15/2015 21:00,64.332,NineMileCreekWMA
143,7/15/2015 22:00,65.745,NineMileCreekWMA
144,7/15/2015 23:00,63.39,NineMileCreekWMA
145,7/16/2015 0:00,62.191,NineMileCreekWMA
146,7/16/2015 1:00,60.433,NineMileCreekWMA
147,7/16/2015 2:00,57.893,NineMileCreekWMA
148,7/16/2015 3:00,58.411,NineMileCreekWMA
149,7/16/2015 4:00,57.893,NineMileCreekWMA
150,7/16/2015 5:00,55.213,NineMileCreekWMA
151,7/16/2015 6:00,54.604,NineMileCreekWMA
152,7/16/2015 7:00,57.549,NineMileCreekWMA
153,7/16/2015 8:00,61.804,NineMileCreekWMA
154,7/16/2015 9:00,67.329,NineMileCreekWMA
155,7/16/2015 10:00,71.447,NineMileCreekWMA
156,7/16/2015 11:00,74.034,NineMileCreekWMA
157,7/16/2015 12:00,75.16,NineMileCreekWMA
158,7/16/2015 13:00,77.639,NineMileCreekWMA
159,7/16/2015 14:00,79.216,NineMileCreekWMA
160,7/16/2015 15:00,79.831,NineMileCreekWMA
161,7/16/2015 16:00,77.509,NineMileCreekWMA
162,7/16/2015 17:00,78.514,NineMileCreekWMA
163,7/16/2015 18:00,66.214,NineMileCreekWMA
164,7/16/2015 19:00,65.574,NineMileCreekWMA
165,7/16/2015 20:00,64.803,NineMileCreekWMA
166,7/16/2015 21:00,64.589,NineMileCreekWMA
167,7/16/2015 22:00,63.903,NineMileCreekWMA
168,7/16/2015 23:00,63.39,NineMileCreekWMA
169,7/17/2015 0:00,62.748,NineMileCreekWMA
170,7/17/2015 1:00,62.233,NineMileCreekWMA
171,7/17/2015 2:00,61.761,NineMileCreekWMA
172,7/17/2015 3:00,62.406,NineMileCreekWMA
173,7/17/2015 4:00,62.148,NineMileCreekWMA
174,7/17/2015 5:00,61.547,NineMileCreekWMA
175,7/17/2015 6:00,61.075,NineMileCreekWMA
176,7/17/2015 7:00,61.032,NineMileCreekWMA
177,7/17/2015 8:00,61.032,NineMileCreekWMA
178,7/17/2015 9:00,61.59,NineMileCreekWMA
179,7/17/2015 10:00,62.49,NineMileCreekWMA
180,7/17/2015 11:00,63.946,NineMileCreekWMA
181,7/17/2015 12:00,65.273,NineMileCreekWMA
182,7/17/2015 13:00,66.429,NineMileCreekWMA
183,7/17/2015 14:00,66.472,NineMileCreekWMA
184,7/17/2015 15:00,66,NineMileCreekWMA
185,7/17/2015 16:00,65.059,NineMileCreekWMA
186,7/17/2015 17:00,64.632,NineMileCreekWMA
187,7/17/2015 18:00,64.589,NineMileCreekWMA
188,7/17/2015 19:00,64.717,NineMileCreekWMA
189,7/17/2015 20:00,64.375,NineMileCreekWMA
190,7/17/2015 21:00,64.589,NineMileCreekWMA
191,7/17/2015 22:00,64.503,NineMileCreekWMA
192,7/17/2015 23:00,63.648,NineMileCreekWMA
193,7/18/2015 0:00,62.748,NineMileCreekWMA
194,7/18/2015 1:00,62.447,NineMileCreekWMA
195,7/18/2015 2:00,61.934,NineMileCreekWMA
196,7/18/2015 3:00,61.633,NineMileCreekWMA
197,7/18/2015 4:00,61.376,NineMileCreekWMA
198,7/18/2015 5:00,60.904,NineMileCreekWMA
199,7/18/2015 6:00,60.647,NineMileCreekWMA
200,7/18/2015 7:00,61.119,NineMileCreekWMA
201,7/18/2015 8:00,61.419,NineMileCreekWMA
202,7/18/2015 9:00,61.761,NineMileCreekWMA
203,7/18/2015 10:00,62.362,NineMileCreekWMA
204,7/18/2015 11:00,63.604,NineMileCreekWMA
205,7/18/2015 12:00,64.589,NineMileCreekWMA
206,7/18/2015 13:00,65.574,NineMileCreekWMA
207,7/18/2015 14:00,66.214,NineMileCreekWMA
208,7/18/2015 15:00,66.772,NineMileCreekWMA
209,7/18/2015 16:00,66.814,NineMileCreekWMA
210,7/18/2015 17:00,65.444,NineMileCreekWMA
211,7/18/2015 18:00,64.76,NineMileCreekWMA
212,7/18/2015 19:00,64.332,NineMileCreekWMA
213,7/18/2015 20:00,63.819,NineMileCreekWMA
214,7/18/2015 21:00,63.433,NineMileCreekWMA
215,7/18/2015 22:00,62.875,NineMileCreekWMA
216,7/18/2015 23:00,62.362,NineMileCreekWMA
217,7/19/2015 0:00,61.891,NineMileCreekWMA
218,7/19/2015 1:00,60.948,NineMileCreekWMA
219,7/19/2015 2:00,60.647,NineMileCreekWMA
220,7/19/2015 3:00,59.659,NineMileCreekWMA
221,7/19/2015 4:00,59.185,NineMileCreekWMA
222,7/19/2015 5:00,58.798,NineMileCreekWMA
223,7/19/2015 6:00,58.669,NineMileCreekWMA
224,7/19/2015 7:00,58.411,NineMileCreekWMA
225,7/19/2015 8:00,58.582,NineMileCreekWMA
226,7/19/2015 9:00,59.142,NineMileCreekWMA
227,7/19/2015 10:00,60.132,NineMileCreekWMA
228,7/19/2015 11:00,61.72,NineMileCreekWMA
229,7/19/2015 12:00,62.919,NineMileCreekWMA
230,7/19/2015 13:00,63.475,NineMileCreekWMA
231,7/19/2015 14:00,64.632,NineMileCreekWMA
232,7/19/2015 15:00,66.729,NineMileCreekWMA
233,7/19/2015 16:00,66.772,NineMileCreekWMA
234,7/19/2015 17:00,66.857,NineMileCreekWMA
235,7/19/2015 18:00,66.857,NineMileCreekWMA
236,7/19/2015 19:00,66.515,NineMileCreekWMA
237,7/19/2015 20:00,65.872,NineMileCreekWMA
238,7/19/2015 21:00,65.188,NineMileCreekWMA
239,7/19/2015 22:00,64.375,NineMileCreekWMA
240,7/19/2015 23:00,63.903,NineMileCreekWMA
241,7/20/2015 0:00,63.39,NineMileCreekWMA
242,7/20/2015 1:00,62.791,NineMileCreekWMA
243,7/20/2015 2:00,62.362,NineMileCreekWMA
244,7/20/2015 3:00,62.191,NineMileCreekWMA
245,7/20/2015 4:00,61.162,NineMileCreekWMA
246,7/20/2015 5:00,60.733,NineMileCreekWMA
247,7/20/2015 6:00,60.217,NineMileCreekWMA
248,7/20/2015 7:00,59.959,NineMileCreekWMA
249,7/20/2015 8:00,60.046,NineMileCreekWMA
250,7/20/2015 9:00,60.474,NineMileCreekWMA
251,7/20/2015 10:00,61.59,NineMileCreekWMA
252,7/20/2015 11:00,62.661,NineMileCreekWMA
253,7/20/2015 12:00,63.819,NineMileCreekWMA
254,7/20/2015 13:00,65.188,NineMileCreekWMA
255,7/20/2015 14:00,66.643,NineMileCreekWMA
256,7/20/2015 15:00,67.372,NineMileCreekWMA
257,7/20/2015 16:00,67.5,NineMileCreekWMA
258,7/20/2015 17:00,67.5,NineMileCreekWMA
259,7/20/2015 18:00,67.158,NineMileCreekWMA
260,7/20/2015 19:00,66.686,NineMileCreekWMA
261,7/20/2015 20:00,66.385,NineMileCreekWMA
262,7/20/2015 21:00,66.13,NineMileCreekWMA
263,7/20/2015 22:00,65.615,NineMileCreekWMA
264,7/20/2015 23:00,64.288,NineMileCreekWMA
265,7/21/2015 0:00,63.689,NineMileCreekWMA
266,7/21/2015 1:00,63.39,NineMileCreekWMA
267,7/21/2015 2:00,62.875,NineMileCreekWMA
268,7/21/2015 3:00,62.962,NineMileCreekWMA
269,7/21/2015 4:00,62.577,NineMileCreekWMA
270,7/21/2015 5:00,62.105,NineMileCreekWMA
271,7/21/2015 6:00,62.406,NineMileCreekWMA
272,7/21/2015 7:00,61.977,NineMileCreekWMA
273,7/21/2015 8:00,62.233,NineMileCreekWMA
274,7/21/2015 9:00,61.891,NineMileCreekWMA
275,7/21/2015 10:00,61.934,NineMileCreekWMA
276,7/21/2015 11:00,61.848,NineMileCreekWMA
277,7/21/2015 12:00,61.804,NineMileCreekWMA
278,7/21/2015 13:00,61.761,NineMileCreekWMA
279,7/21/2015 14:00,61.419,NineMileCreekWMA
280,7/21/2015 15:00,61.761,NineMileCreekWMA
281,7/21/2015 16:00,61.761,NineMileCreekWMA
282,7/21/2015 17:00,61.891,NineMileCreekWMA
283,7/21/2015 18:00,62.105,NineMileCreekWMA
284,7/21/2015 19:00,62.062,NineMileCreekWMA
285,7/21/2015 20:00,62.319,NineMileCreekWMA
286,7/21/2015 21:00,62.105,NineMileCreekWMA
287,7/21/2015 22:00,62.148,NineMileCreekWMA
288,7/21/2015 23:00,61.376,NineMileCreekWMA
289,7/22/2015 0:00,61.032,NineMileCreekWMA
290,7/22/2015 1:00,60.948,NineMileCreekWMA
291,7/22/2015 2:00,60.517,NineMileCreekWMA
292,7/22/2015 3:00,60.132,NineMileCreekWMA
293,7/22/2015 4:00,60.474,NineMileCreekWMA
294,7/22/2015 5:00,60.003,NineMileCreekWMA
295,7/22/2015 6:00,59.401,NineMileCreekWMA
296,7/22/2015 7:00,59.272,NineMileCreekWMA
297,7/22/2015 8:00,59.572,NineMileCreekWMA
298,7/22/2015 9:00,60.39,NineMileCreekWMA
299,7/22/2015 10:00,61.248,NineMileCreekWMA
300,7/22/2015 11:00,62.191,NineMileCreekWMA
301,7/22/2015 12:00,63.262,NineMileCreekWMA
302,7/22/2015 13:00,64.888,NineMileCreekWMA
303,7/22/2015 14:00,66.13,NineMileCreekWMA
304,7/22/2015 15:00,67.372,NineMileCreekWMA
305,7/22/2015 16:00,67.842,NineMileCreekWMA
306,7/22/2015 17:00,67.714,NineMileCreekWMA
307,7/22/2015 18:00,67.413,NineMileCreekWMA
308,7/22/2015 19:00,66.772,NineMileCreekWMA
309,7/22/2015 20:00,66.515,NineMileCreekWMA
310,7/22/2015 21:00,66.301,NineMileCreekWMA
311,7/22/2015 22:00,65.788,NineMileCreekWMA
312,7/22/2015 23:00,65.102,NineMileCreekWMA
313,7/23/2015 0:00,64.161,NineMileCreekWMA
314,7/23/2015 1:00,63.648,NineMileCreekWMA
315,7/23/2015 2:00,63.262,NineMileCreekWMA
316,7/23/2015 3:00,62.577,NineMileCreekWMA
317,7/23/2015 4:00,62.191,NineMileCreekWMA
318,7/23/2015 5:00,61.934,NineMileCreekWMA
319,7/23/2015 6:00,61.506,NineMileCreekWMA
320,7/23/2015 7:00,61.547,NineMileCreekWMA
321,7/23/2015 8:00,61.419,NineMileCreekWMA
322,7/23/2015 9:00,61.59,NineMileCreekWMA
323,7/23/2015 10:00,62.748,NineMileCreekWMA
324,7/23/2015 11:00,63.604,NineMileCreekWMA
325,7/23/2015 12:00,64.931,NineMileCreekWMA
326,7/23/2015 13:00,66.472,NineMileCreekWMA
327,7/23/2015 14:00,67.928,NineMileCreekWMA
328,7/23/2015 15:00,69.343,NineMileCreekWMA
329,7/23/2015 16:00,69.728,NineMileCreekWMA
330,7/23/2015 17:00,70.072,NineMileCreekWMA
331,7/23/2015 18:00,69.858,NineMileCreekWMA
332,7/23/2015 19:00,69.514,NineMileCreekWMA
333,7/23/2015 20:00,68.956,NineMileCreekWMA
334,7/23/2015 21:00,68.27,NineMileCreekWMA
335,7/23/2015 22:00,67.456,NineMileCreekWMA
336,7/23/2015 23:00,66.643,NineMileCreekWMA
337,7/24/2015 0:00,66.043,NineMileCreekWMA
338,7/24/2015 1:00,65.23,NineMileCreekWMA
339,7/24/2015 2:00,64.717,NineMileCreekWMA
340,7/24/2015 3:00,63.732,NineMileCreekWMA
341,7/24/2015 4:00,63.39,NineMileCreekWMA
342,7/24/2015 5:00,63.133,NineMileCreekWMA
343,7/24/2015 6:00,62.661,NineMileCreekWMA
344,7/24/2015 7:00,62.533,NineMileCreekWMA
345,7/24/2015 8:00,62.319,NineMileCreekWMA
346,7/24/2015 9:00,62.919,NineMileCreekWMA
347,7/24/2015 10:00,63.648,NineMileCreekWMA
348,7/24/2015 11:00,64.632,NineMileCreekWMA
349,7/24/2015 12:00,65.788,NineMileCreekWMA
350,7/24/2015 13:00,66.814,NineMileCreekWMA
351,7/24/2015 14:00,67.627,NineMileCreekWMA
352,7/24/2015 15:00,68.828,NineMileCreekWMA
353,7/24/2015 16:00,69.042,NineMileCreekWMA
354,7/24/2015 17:00,69.129,NineMileCreekWMA
355,7/24/2015 18:00,68.742,NineMileCreekWMA
356,7/24/2015 19:00,68.443,NineMileCreekWMA
357,7/24/2015 20:00,68.099,NineMileCreekWMA
358,7/24/2015 21:00,67.543,NineMileCreekWMA
359,7/24/2015 22:00,66.686,NineMileCreekWMA
360,7/24/2015 23:00,66.643,NineMileCreekWMA
361,7/25/2015 0:00,65.701,NineMileCreekWMA
362,7/25/2015 1:00,65.403,NineMileCreekWMA
363,7/25/2015 2:00,64.589,NineMileCreekWMA
364,7/25/2015 3:00,64.161,NineMileCreekWMA
365,7/25/2015 4:00,63.648,NineMileCreekWMA
366,7/25/2015 5:00,63.133,NineMileCreekWMA
367,7/25/2015 6:00,62.919,NineMileCreekWMA
368,7/25/2015 7:00,62.49,NineMileCreekWMA
369,7/25/2015 8:00,62.533,NineMileCreekWMA
370,7/25/2015 9:00,63.048,NineMileCreekWMA
371,7/25/2015 10:00,63.39,NineMileCreekWMA
372,7/25/2015 11:00,64.375,NineMileCreekWMA
373,7/25/2015 12:00,64.888,NineMileCreekWMA
374,7/25/2015 13:00,66.643,NineMileCreekWMA
375,7/25/2015 14:00,68.142,NineMileCreekWMA
376,7/25/2015 15:00,68.956,NineMileCreekWMA
377,7/25/2015 16:00,69.471,NineMileCreekWMA
378,7/25/2015 17:00,69.514,NineMileCreekWMA
379,7/25/2015 18:00,69.17,NineMileCreekWMA
380,7/25/2015 19:00,68.571,NineMileCreekWMA
381,7/25/2015 20:00,68.013,NineMileCreekWMA
382,7/25/2015 21:00,67.199,NineMileCreekWMA
383,7/25/2015 22:00,66.515,NineMileCreekWMA
384,7/25/2015 23:00,65.745,NineMileCreekWMA
385,7/26/2015 0:00,65.102,NineMileCreekWMA
386,7/26/2015 1:00,64.459,NineMileCreekWMA
387,7/26/2015 2:00,64.033,NineMileCreekWMA
388,7/26/2015 3:00,63.604,NineMileCreekWMA
389,7/26/2015 4:00,63.048,NineMileCreekWMA
390,7/26/2015 5:00,62.533,NineMileCreekWMA
391,7/26/2015 6:00,62.062,NineMileCreekWMA
392,7/26/2015 7:00,61.72,NineMileCreekWMA
393,7/26/2015 8:00,61.934,NineMileCreekWMA
394,7/26/2015 9:00,62.362,NineMileCreekWMA
395,7/26/2015 10:00,63.176,NineMileCreekWMA
396,7/26/2015 11:00,64.247,NineMileCreekWMA
397,7/26/2015 12:00,66.087,NineMileCreekWMA
398,7/26/2015 13:00,67.798,NineMileCreekWMA
399,7/26/2015 14:00,69.085,NineMileCreekWMA
400,7/26/2015 15:00,70.072,NineMileCreekWMA
401,7/26/2015 16:00,70.587,NineMileCreekWMA
402,7/26/2015 17:00,70.502,NineMileCreekWMA
403,7/26/2015 18:00,69.901,NineMileCreekWMA
404,7/26/2015 19:00,69.085,NineMileCreekWMA
405,7/26/2015 20:00,68.27,NineMileCreekWMA
406,7/26/2015 21:00,67.242,NineMileCreekWMA
407,7/26/2015 22:00,66.472,NineMileCreekWMA
408,7/26/2015 23:00,65.701,NineMileCreekWMA
409,7/27/2015 0:00,65.059,NineMileCreekWMA
410,7/27/2015 1:00,64.76,NineMileCreekWMA
411,7/27/2015 2:00,64.033,NineMileCreekWMA
412,7/27/2015 3:00,63.518,NineMileCreekWMA
413,7/27/2015 4:00,63.176,NineMileCreekWMA
414,7/27/2015 5:00,62.704,NineMileCreekWMA
415,7/27/2015 6:00,62.148,NineMileCreekWMA
416,7/27/2015 7:00,61.804,NineMileCreekWMA
417,7/27/2015 8:00,61.891,NineMileCreekWMA
418,7/27/2015 9:00,62.148,NineMileCreekWMA
419,7/27/2015 10:00,62.406,NineMileCreekWMA
420,7/27/2015 11:00,63.347,NineMileCreekWMA
421,7/27/2015 12:00,64.674,NineMileCreekWMA
422,7/27/2015 13:00,66.258,NineMileCreekWMA
423,7/27/2015 14:00,67.714,NineMileCreekWMA
424,7/27/2015 15:00,68.698,NineMileCreekWMA
425,7/27/2015 16:00,69.256,NineMileCreekWMA
426,7/27/2015 17:00,69.129,NineMileCreekWMA
427,7/27/2015 18:00,68.313,NineMileCreekWMA
428,7/27/2015 19:00,66.13,NineMileCreekWMA
429,7/27/2015 20:00,64.674,NineMileCreekWMA
430,7/27/2015 21:00,64.674,NineMileCreekWMA
431,7/27/2015 22:00,63.946,NineMileCreekWMA
432,7/27/2015 23:00,63.39,NineMileCreekWMA
433,7/28/2015 0:00,62.875,NineMileCreekWMA
434,7/28/2015 1:00,62.019,NineMileCreekWMA
435,7/28/2015 2:00,61.376,NineMileCreekWMA
436,7/28/2015 3:00,60.775,NineMileCreekWMA
437,7/28/2015 4:00,60.39,NineMileCreekWMA
438,7/28/2015 5:00,59.83,NineMileCreekWMA
439,7/28/2015 6:00,59.272,NineMileCreekWMA
440,7/28/2015 7:00,58.798,NineMileCreekWMA
441,7/28/2015 8:00,58.626,NineMileCreekWMA
442,7/28/2015 9:00,58.928,NineMileCreekWMA
443,7/28/2015 10:00,59.572,NineMileCreekWMA
444,7/28/2015 11:00,60.561,NineMileCreekWMA
445,7/28/2015 12:00,61.934,NineMileCreekWMA
446,7/28/2015 13:00,63.39,NineMileCreekWMA
447,7/28/2015 14:00,64.76,NineMileCreekWMA
448,7/28/2015 15:00,65.658,NineMileCreekWMA
449,7/28/2015 16:00,66.087,NineMileCreekWMA
450,7/28/2015 17:00,66,NineMileCreekWMA
451,7/28/2015 18:00,65.615,NineMileCreekWMA
452,7/28/2015 19:00,65.102,NineMileCreekWMA
453,7/28/2015 20:00,64.375,NineMileCreekWMA
454,7/28/2015 21:00,63.475,NineMileCreekWMA
455,7/28/2015 22:00,62.62,NineMileCreekWMA
456,7/28/2015 23:00,61.804,NineMileCreekWMA
457,7/29/2015 0:00,60.991,NineMileCreekWMA
458,7/29/2015 1:00,60.217,NineMileCreekWMA
459,7/29/2015 2:00,59.529,NineMileCreekWMA
460,7/29/2015 3:00,58.928,NineMileCreekWMA
461,7/29/2015 4:00,58.411,NineMileCreekWMA
462,7/29/2015 5:00,57.936,NineMileCreekWMA
463,7/29/2015 6:00,57.506,NineMileCreekWMA
464,7/29/2015 7:00,57.333,NineMileCreekWMA
465,7/29/2015 8:00,57.376,NineMileCreekWMA
466,7/29/2015 9:00,57.722,NineMileCreekWMA
467,7/29/2015 10:00,58.455,NineMileCreekWMA
468,7/29/2015 11:00,59.616,NineMileCreekWMA
469,7/29/2015 12:00,61.032,NineMileCreekWMA
470,7/29/2015 13:00,62.62,NineMileCreekWMA
471,7/29/2015 14:00,64.033,NineMileCreekWMA
472,7/29/2015 15:00,65.102,NineMileCreekWMA
473,7/29/2015 16:00,65.658,NineMileCreekWMA
474,7/29/2015 17:00,65.701,NineMileCreekWMA
475,7/29/2015 18:00,65.444,NineMileCreekWMA
476,7/29/2015 19:00,64.974,NineMileCreekWMA
477,7/29/2015 20:00,64.332,NineMileCreekWMA
478,7/29/2015 21:00,63.604,NineMileCreekWMA
479,7/29/2015 22:00,62.919,NineMileCreekWMA
480,7/29/2015 23:00,62.276,NineMileCreekWMA
481,7/30/2015 0:00,61.72,NineMileCreekWMA
482,7/30/2015 1:00,61.205,NineMileCreekWMA
483,7/30/2015 2:00,60.647,NineMileCreekWMA
484,7/30/2015 3:00,60.174,NineMileCreekWMA
485,7/30/2015 4:00,59.788,NineMileCreekWMA
486,7/30/2015 5:00,59.315,NineMileCreekWMA
487,7/30/2015 6:00,58.971,NineMileCreekWMA
488,7/30/2015 7:00,58.669,NineMileCreekWMA
489,7/30/2015 8:00,58.669,NineMileCreekWMA
490,7/30/2015 9:00,59.014,NineMileCreekWMA
491,7/30/2015 10:00,59.788,NineMileCreekWMA
492,7/30/2015 11:00,60.904,NineMileCreekWMA
493,7/30/2015 12:00,62.533,NineMileCreekWMA
494,7/30/2015 13:00,64.845,NineMileCreekWMA
495,7/30/2015 14:00,66.385,NineMileCreekWMA
496,7/30/2015 15:00,67.456,NineMileCreekWMA
497,7/30/2015 16:00,67.798,NineMileCreekWMA
498,7/30/2015 17:00,67.5,NineMileCreekWMA
499,7/30/2015 18:00,66.943,NineMileCreekWMA
500,7/30/2015 19:00,66.214,NineMileCreekWMA
501,7/30/2015 20:00,65.316,NineMileCreekWMA
502,7/30/2015 21:00,64.418,NineMileCreekWMA
503,7/30/2015 22:00,63.689,NineMileCreekWMA
504,7/30/2015 23:00,63.219,NineMileCreekWMA
505,7/31/2015 0:00,62.704,NineMileCreekWMA
506,7/31/2015 1:00,62.191,NineMileCreekWMA
507,7/31/2015 2:00,61.677,NineMileCreekWMA
508,7/31/2015 3:00,61.205,NineMileCreekWMA
509,7/31/2015 4:00,60.733,NineMileCreekWMA
510,7/31/2015 5:00,60.217,NineMileCreekWMA
511,7/31/2015 6:00,59.702,NineMileCreekWMA
512,7/31/2015 7:00,59.272,NineMileCreekWMA
513,7/31/2015 8:00,59.272,NineMileCreekWMA
514,7/31/2015 9:00,59.616,NineMileCreekWMA
515,7/31/2015 10:00,60.39,NineMileCreekWMA
516,7/31/2015 11:00,61.677,NineMileCreekWMA
517,7/31/2015 12:00,63.347,NineMileCreekWMA
518,7/31/2015 13:00,65.188,NineMileCreekWMA
519,7/31/2015 14:00,66.686,NineMileCreekWMA
520,7/31/2015 15:00,67.714,NineMileCreekWMA
521,7/31/2015 16:00,67.928,NineMileCreekWMA
522,7/31/2015 17:00,67.714,NineMileCreekWMA
523,7/31/2015 18:00,67.242,NineMileCreekWMA
524,7/31/2015 19:00,66.515,NineMileCreekWMA
525,7/31/2015 20:00,65.615,NineMileCreekWMA
526,7/31/2015 21:00,64.589,NineMileCreekWMA
527,7/31/2015 22:00,63.819,NineMileCreekWMA
528,7/31/2015 23:00,63.133,NineMileCreekWMA
529,8/1/2015 0:00,62.49,NineMileCreekWMA
530,8/1/2015 1:00,61.891,NineMileCreekWMA
531,8/1/2015 2:00,61.419,NineMileCreekWMA
532,8/1/2015 3:00,60.991,NineMileCreekWMA
533,8/1/2015 4:00,60.604,NineMileCreekWMA
534,8/1/2015 5:00,60.174,NineMileCreekWMA
535,8/1/2015 6:00,59.788,NineMileCreekWMA
536,8/1/2015 7:00,59.572,NineMileCreekWMA
537,8/1/2015 8:00,59.659,NineMileCreekWMA
538,8/1/2015 9:00,60.046,NineMileCreekWMA
539,8/1/2015 10:00,61.032,NineMileCreekWMA
540,8/1/2015 11:00,62.276,NineMileCreekWMA
541,8/1/2015 12:00,63.304,NineMileCreekWMA
542,8/1/2015 13:00,64.845,NineMileCreekWMA
543,8/1/2015 14:00,66.429,NineMileCreekWMA
544,8/1/2015 15:00,67.671,NineMileCreekWMA
545,8/1/2015 16:00,68.142,NineMileCreekWMA
546,8/1/2015 17:00,67.671,NineMileCreekWMA
547,8/1/2015 18:00,67.028,NineMileCreekWMA
548,8/1/2015 19:00,66.301,NineMileCreekWMA
549,8/1/2015 20:00,65.444,NineMileCreekWMA
550,8/1/2015 21:00,64.503,NineMileCreekWMA
551,8/1/2015 22:00,63.475,NineMileCreekWMA
552,8/1/2015 23:00,62.748,NineMileCreekWMA
553,8/2/2015 0:00,62.191,NineMileCreekWMA
554,8/2/2015 1:00,61.59,NineMileCreekWMA
555,8/2/2015 2:00,61.075,NineMileCreekWMA
556,8/2/2015 3:00,60.647,NineMileCreekWMA
557,8/2/2015 4:00,60.217,NineMileCreekWMA
558,8/2/2015 5:00,59.745,NineMileCreekWMA
559,8/2/2015 6:00,59.272,NineMileCreekWMA
560,8/2/2015 7:00,58.971,NineMileCreekWMA
561,8/2/2015 8:00,59.014,NineMileCreekWMA
562,8/2/2015 9:00,59.445,NineMileCreekWMA
563,8/2/2015 10:00,60.217,NineMileCreekWMA
564,8/2/2015 11:00,61.547,NineMileCreekWMA
565,8/2/2015 12:00,63.133,NineMileCreekWMA
566,8/2/2015 13:00,64.803,NineMileCreekWMA
567,8/2/2015 14:00,65.701,NineMileCreekWMA
568,8/2/2015 15:00,65.102,NineMileCreekWMA
569,8/2/2015 16:00,65.53,NineMileCreekWMA
570,8/2/2015 17:00,65.959,NineMileCreekWMA
571,8/2/2015 18:00,66.13,NineMileCreekWMA
572,8/2/2015 19:00,65.53,NineMileCreekWMA
573,8/2/2015 20:00,64.503,NineMileCreekWMA
574,8/2/2015 21:00,64.033,NineMileCreekWMA
575,8/2/2015 22:00,63.518,NineMileCreekWMA
576,8/2/2015 23:00,62.875,NineMileCreekWMA
577,8/3/2015 0:00,62.276,NineMileCreekWMA
578,8/3/2015 1:00,61.72,NineMileCreekWMA
579,8/3/2015 2:00,61.162,NineMileCreekWMA
580,8/3/2015 3:00,60.733,NineMileCreekWMA
581,8/3/2015 4:00,60.346,NineMileCreekWMA
582,8/3/2015 5:00,60.046,NineMileCreekWMA
583,8/3/2015 6:00,59.702,NineMileCreekWMA
584,8/3/2015 7:00,59.445,NineMileCreekWMA
585,8/3/2015 8:00,59.616,NineMileCreekWMA
586,8/3/2015 9:00,59.959,NineMileCreekWMA
587,8/3/2015 10:00,60.904,NineMileCreekWMA
588,8/3/2015 11:00,62.319,NineMileCreekWMA
589,8/3/2015 12:00,63.689,NineMileCreekWMA
590,8/3/2015 13:00,64.674,NineMileCreekWMA
591,8/3/2015 14:00,64.76,NineMileCreekWMA
592,8/3/2015 15:00,65.403,NineMileCreekWMA
593,8/3/2015 16:00,66.258,NineMileCreekWMA
594,8/3/2015 17:00,66.472,NineMileCreekWMA
595,8/3/2015 18:00,66.214,NineMileCreekWMA
596,8/3/2015 19:00,65.615,NineMileCreekWMA
597,8/3/2015 20:00,65.188,NineMileCreekWMA
598,8/3/2015 21:00,64.589,NineMileCreekWMA
599,8/3/2015 22:00,63.903,NineMileCreekWMA
600,8/3/2015 23:00,63.304,NineMileCreekWMA
601,8/4/2015 0:00,62.704,NineMileCreekWMA
602,8/4/2015 1:00,62.191,NineMileCreekWMA
603,8/4/2015 2:00,61.677,NineMileCreekWMA
604,8/4/2015 3:00,61.205,NineMileCreekWMA
605,8/4/2015 4:00,60.775,NineMileCreekWMA
606,8/4/2015 5:00,60.303,NineMileCreekWMA
607,8/4/2015 6:00,59.873,NineMileCreekWMA
608,8/4/2015 7:00,59.616,NineMileCreekWMA
609,8/4/2015 8:00,59.659,NineMileCreekWMA
610,8/4/2015 9:00,60.089,NineMileCreekWMA
611,8/4/2015 10:00,60.647,NineMileCreekWMA
612,8/4/2015 11:00,61.506,NineMileCreekWMA
613,8/4/2015 12:00,62.791,NineMileCreekWMA
614,8/4/2015 13:00,63.433,NineMileCreekWMA
615,8/4/2015 14:00,63.732,NineMileCreekWMA
616,8/4/2015 15:00,64.418,NineMileCreekWMA
617,8/4/2015 16:00,64.117,NineMileCreekWMA
618,8/4/2015 17:00,63.732,NineMileCreekWMA
619,8/4/2015 18:00,63.689,NineMileCreekWMA
620,8/4/2015 19:00,63.347,NineMileCreekWMA
621,8/4/2015 20:00,63.048,NineMileCreekWMA
622,8/4/2015 21:00,62.191,NineMileCreekWMA
623,8/4/2015 22:00,61.761,NineMileCreekWMA
624,8/4/2015 23:00,61.462,NineMileCreekWMA
625,8/5/2015 0:00,60.904,NineMileCreekWMA
626,8/5/2015 1:00,60.39,NineMileCreekWMA
627,8/5/2015 2:00,59.873,NineMileCreekWMA
628,8/5/2015 3:00,59.486,NineMileCreekWMA
629,8/5/2015 4:00,59.229,NineMileCreekWMA
630,8/5/2015 5:00,59.014,NineMileCreekWMA
631,8/5/2015 6:00,58.842,NineMileCreekWMA
632,8/5/2015 7:00,58.755,NineMileCreekWMA
633,8/5/2015 8:00,58.928,NineMileCreekWMA
634,8/5/2015 9:00,59.529,NineMileCreekWMA
635,8/5/2015 10:00,60.346,NineMileCreekWMA
636,8/5/2015 11:00,61.677,NineMileCreekWMA
637,8/5/2015 12:00,63.262,NineMileCreekWMA
638,8/5/2015 13:00,64.974,NineMileCreekWMA
639,8/5/2015 14:00,66.385,NineMileCreekWMA
640,8/5/2015 15:00,67.242,NineMileCreekWMA
641,8/5/2015 16:00,66.814,NineMileCreekWMA
642,8/5/2015 17:00,66.301,NineMileCreekWMA
643,8/5/2015 18:00,65.959,NineMileCreekWMA
644,8/5/2015 19:00,65.23,NineMileCreekWMA
645,8/5/2015 20:00,64.459,NineMileCreekWMA
646,8/5/2015 21:00,63.433,NineMileCreekWMA
647,8/5/2015 22:00,62.962,NineMileCreekWMA
648,8/5/2015 23:00,62.577,NineMileCreekWMA
649,8/6/2015 0:00,62.191,NineMileCreekWMA
650,8/6/2015 1:00,61.891,NineMileCreekWMA
651,8/6/2015 2:00,61.633,NineMileCreekWMA
652,8/6/2015 3:00,61.29,NineMileCreekWMA
653,8/6/2015 4:00,60.948,NineMileCreekWMA
654,8/6/2015 5:00,60.517,NineMileCreekWMA
655,8/6/2015 6:00,60.046,NineMileCreekWMA
656,8/6/2015 7:00,59.702,NineMileCreekWMA
657,8/6/2015 8:00,59.702,NineMileCreekWMA
658,8/6/2015 9:00,60.174,NineMileCreekWMA
659,8/6/2015 10:00,61.891,NineMileCreekWMA
660,8/6/2015 11:00,63.09,NineMileCreekWMA
661,8/6/2015 12:00,64.503,NineMileCreekWMA
662,8/6/2015 13:00,65.872,NineMileCreekWMA
663,8/6/2015 14:00,66.857,NineMileCreekWMA
664,8/6/2015 15:00,67.071,NineMileCreekWMA
665,8/6/2015 16:00,67.158,NineMileCreekWMA
666,8/6/2015 17:00,67.028,NineMileCreekWMA
667,8/6/2015 18:00,66.558,NineMileCreekWMA
668,8/6/2015 19:00,65.959,NineMileCreekWMA
669,8/6/2015 20:00,65.359,NineMileCreekWMA
670,8/6/2015 21:00,64.459,NineMileCreekWMA
671,8/6/2015 22:00,63.732,NineMileCreekWMA
672,8/6/2015 23:00,62.919,NineMileCreekWMA
673,8/7/2015 0:00,62.276,NineMileCreekWMA
674,8/7/2015 1:00,61.677,NineMileCreekWMA
675,8/7/2015 2:00,61.162,NineMileCreekWMA
676,8/7/2015 3:00,60.775,NineMileCreekWMA
677,8/7/2015 4:00,60.474,NineMileCreekWMA
678,8/7/2015 5:00,60.217,NineMileCreekWMA
679,8/7/2015 6:00,60.046,NineMileCreekWMA
680,8/7/2015 7:00,59.873,NineMileCreekWMA
681,8/7/2015 8:00,59.916,NineMileCreekWMA
682,8/7/2015 9:00,60.174,NineMileCreekWMA
683,8/7/2015 10:00,60.948,NineMileCreekWMA
684,8/7/2015 11:00,62.062,NineMileCreekWMA
685,8/7/2015 12:00,62.406,NineMileCreekWMA
686,8/7/2015 13:00,63.689,NineMileCreekWMA
687,8/7/2015 14:00,64.717,NineMileCreekWMA
688,8/7/2015 15:00,65.403,NineMileCreekWMA
689,8/7/2015 16:00,65.829,NineMileCreekWMA
690,8/7/2015 17:00,65.701,NineMileCreekWMA
691,8/7/2015 18:00,65.487,NineMileCreekWMA
692,8/7/2015 19:00,65.059,NineMileCreekWMA
693,8/7/2015 20:00,64.459,NineMileCreekWMA
694,8/7/2015 21:00,63.99,NineMileCreekWMA
695,8/7/2015 22:00,63.475,NineMileCreekWMA
696,8/7/2015 23:00,63.005,NineMileCreekWMA
697,8/8/2015 0:00,62.748,NineMileCreekWMA
698,8/8/2015 1:00,62.62,NineMileCreekWMA
699,8/8/2015 2:00,62.362,NineMileCreekWMA
700,8/8/2015 3:00,62.191,NineMileCreekWMA
701,8/8/2015 4:00,61.804,NineMileCreekWMA
702,8/8/2015 5:00,61.59,NineMileCreekWMA
703,8/8/2015 6:00,61.29,NineMileCreekWMA
704,8/8/2015 7:00,60.991,NineMileCreekWMA
705,8/8/2015 8:00,60.991,NineMileCreekWMA
706,8/8/2015 9:00,61.119,NineMileCreekWMA
707,8/8/2015 10:00,61.506,NineMileCreekWMA
708,8/8/2015 11:00,62.105,NineMileCreekWMA
709,8/8/2015 12:00,62.834,NineMileCreekWMA
710,8/8/2015 13:00,64.033,NineMileCreekWMA
711,8/8/2015 14:00,65.188,NineMileCreekWMA
712,8/8/2015 15:00,65.959,NineMileCreekWMA
713,8/8/2015 16:00,66.385,NineMileCreekWMA
714,8/8/2015 17:00,66.6,NineMileCreekWMA
715,8/8/2015 18:00,66.301,NineMileCreekWMA
716,8/8/2015 19:00,65.829,NineMileCreekWMA
717,8/8/2015 20:00,65.017,NineMileCreekWMA
718,8/8/2015 21:00,64.332,NineMileCreekWMA
719,8/8/2015 22:00,63.518,NineMileCreekWMA
720,8/8/2015 23:00,62.919,NineMileCreekWMA
721,8/9/2015 0:00,62.276,NineMileCreekWMA
722,8/9/2015 1:00,62.062,NineMileCreekWMA
723,8/9/2015 2:00,61.59,NineMileCreekWMA
724,8/9/2015 3:00,61.462,NineMileCreekWMA
725,8/9/2015 4:00,61.119,NineMileCreekWMA
726,8/9/2015 5:00,60.775,NineMileCreekWMA
727,8/9/2015 6:00,60.39,NineMileCreekWMA
728,8/9/2015 7:00,60.217,NineMileCreekWMA
729,8/9/2015 8:00,60.174,NineMileCreekWMA
730,8/9/2015 9:00,60.433,NineMileCreekWMA
731,8/9/2015 10:00,61.248,NineMileCreekWMA
732,8/9/2015 11:00,62.319,NineMileCreekWMA
733,8/9/2015 12:00,63.689,NineMileCreekWMA
734,8/9/2015 13:00,65.017,NineMileCreekWMA
735,8/9/2015 14:00,66.214,NineMileCreekWMA
736,8/9/2015 15:00,66.301,NineMileCreekWMA
737,8/9/2015 16:00,66.429,NineMileCreekWMA
738,8/9/2015 17:00,66.173,NineMileCreekWMA
739,8/9/2015 18:00,65.444,NineMileCreekWMA
740,8/9/2015 19:00,64.589,NineMileCreekWMA
741,8/9/2015 20:00,63.775,NineMileCreekWMA
742,8/9/2015 21:00,62.919,NineMileCreekWMA
743,8/9/2015 22:00,62.191,NineMileCreekWMA
744,8/9/2015 23:00,61.633,NineMileCreekWMA
745,8/10/2015 0:00,61.205,NineMileCreekWMA
746,8/10/2015 1:00,60.861,NineMileCreekWMA
747,8/10/2015 2:00,60.561,NineMileCreekWMA
748,8/10/2015 3:00,60.217,NineMileCreekWMA
749,8/10/2015 4:00,59.873,NineMileCreekWMA
750,8/10/2015 5:00,59.445,NineMileCreekWMA
751,8/10/2015 6:00,59.099,NineMileCreekWMA
752,8/10/2015 7:00,58.798,NineMileCreekWMA
753,8/10/2015 8:00,58.798,NineMileCreekWMA
754,8/10/2015 9:00,59.142,NineMileCreekWMA
755,8/10/2015 10:00,59.959,NineMileCreekWMA
756,8/10/2015 11:00,61.248,NineMileCreekWMA
757,8/10/2015 12:00,62.748,NineMileCreekWMA
758,8/10/2015 13:00,64.375,NineMileCreekWMA
759,8/10/2015 14:00,65.615,NineMileCreekWMA
760,8/10/2015 15:00,66.385,NineMileCreekWMA
761,8/10/2015 16:00,66.686,NineMileCreekWMA
762,8/10/2015 17:00,66.301,NineMileCreekWMA
763,8/10/2015 18:00,65.444,NineMileCreekWMA
764,8/10/2015 19:00,64.76,NineMileCreekWMA
765,8/10/2015 20:00,63.99,NineMileCreekWMA
766,8/10/2015 21:00,63.133,NineMileCreekWMA
767,8/10/2015 22:00,62.319,NineMileCreekWMA
768,8/10/2015 23:00,61.848,NineMileCreekWMA
769,8/11/2015 0:00,61.59,NineMileCreekWMA
770,8/11/2015 1:00,61.162,NineMileCreekWMA
771,8/11/2015 2:00,60.948,NineMileCreekWMA
772,8/11/2015 3:00,60.69,NineMileCreekWMA
773,8/11/2015 4:00,60.474,NineMileCreekWMA
774,8/11/2015 5:00,60.132,NineMileCreekWMA
775,8/11/2015 6:00,59.745,NineMileCreekWMA
776,8/11/2015 7:00,59.572,NineMileCreekWMA
777,8/11/2015 8:00,59.616,NineMileCreekWMA
778,8/11/2015 9:00,59.959,NineMileCreekWMA
779,8/11/2015 10:00,60.818,NineMileCreekWMA
780,8/11/2015 11:00,61.376,NineMileCreekWMA
781,8/11/2015 12:00,62.447,NineMileCreekWMA
782,8/11/2015 13:00,63.775,NineMileCreekWMA
783,8/11/2015 14:00,65.059,NineMileCreekWMA
784,8/11/2015 15:00,65.788,NineMileCreekWMA
785,8/11/2015 16:00,66.258,NineMileCreekWMA
786,8/11/2015 17:00,66.214,NineMileCreekWMA
787,8/11/2015 18:00,65.788,NineMileCreekWMA
788,8/11/2015 19:00,65.102,NineMileCreekWMA
789,8/11/2015 20:00,64.503,NineMileCreekWMA
790,8/11/2015 21:00,64.033,NineMileCreekWMA
791,8/11/2015 22:00,63.262,NineMileCreekWMA
792,8/11/2015 23:00,62.577,NineMileCreekWMA
793,8/12/2015 0:00,62.148,NineMileCreekWMA
794,8/12/2015 1:00,61.761,NineMileCreekWMA
795,8/12/2015 2:00,61.506,NineMileCreekWMA
796,8/12/2015 3:00,61.248,NineMileCreekWMA
797,8/12/2015 4:00,60.948,NineMileCreekWMA
798,8/12/2015 5:00,60.604,NineMileCreekWMA
799,8/12/2015 6:00,60.26,NineMileCreekWMA
800,8/12/2015 7:00,59.959,NineMileCreekWMA
801,8/12/2015 8:00,60.003,NineMileCreekWMA
802,8/12/2015 9:00,60.474,NineMileCreekWMA
803,8/12/2015 10:00,61.29,NineMileCreekWMA
804,8/12/2015 11:00,62.577,NineMileCreekWMA
805,8/12/2015 12:00,64.117,NineMileCreekWMA
806,8/12/2015 13:00,65.745,NineMileCreekWMA
807,8/12/2015 14:00,67.114,NineMileCreekWMA
808,8/12/2015 15:00,67.885,NineMileCreekWMA
809,8/12/2015 16:00,68.099,NineMileCreekWMA
810,8/12/2015 17:00,67.842,NineMileCreekWMA
811,8/12/2015 18:00,67.158,NineMileCreekWMA
812,8/12/2015 19:00,66.301,NineMileCreekWMA
813,8/12/2015 20:00,65.359,NineMileCreekWMA
814,8/12/2015 21:00,64.503,NineMileCreekWMA
815,8/12/2015 22:00,63.518,NineMileCreekWMA
816,8/12/2015 23:00,63.176,NineMileCreekWMA
817,8/13/2015 0:00,62.791,NineMileCreekWMA
818,8/13/2015 1:00,62.62,NineMileCreekWMA
819,8/13/2015 2:00,62.406,NineMileCreekWMA
820,8/13/2015 3:00,62.062,NineMileCreekWMA
821,8/13/2015 4:00,61.72,NineMileCreekWMA
822,8/13/2015 5:00,61.333,NineMileCreekWMA
823,8/13/2015 6:00,60.948,NineMileCreekWMA
824,8/13/2015 7:00,60.733,NineMileCreekWMA
825,8/13/2015 8:00,60.733,NineMileCreekWMA
826,8/13/2015 9:00,61.119,NineMileCreekWMA
827,8/13/2015 10:00,61.977,NineMileCreekWMA
828,8/13/2015 11:00,63.048,NineMileCreekWMA
829,8/13/2015 12:00,64.418,NineMileCreekWMA
830,8/13/2015 13:00,65.959,NineMileCreekWMA
831,8/13/2015 14:00,67.071,NineMileCreekWMA
832,8/13/2015 15:00,67.757,NineMileCreekWMA
833,8/13/2015 16:00,67.971,NineMileCreekWMA
834,8/13/2015 17:00,67.714,NineMileCreekWMA
835,8/13/2015 18:00,67.028,NineMileCreekWMA
836,8/13/2015 19:00,66.214,NineMileCreekWMA
837,8/13/2015 20:00,65.273,NineMileCreekWMA
838,8/13/2015 21:00,64.418,NineMileCreekWMA
839,8/13/2015 22:00,63.475,NineMileCreekWMA
840,8/13/2015 23:00,62.919,NineMileCreekWMA
841,8/14/2015 0:00,62.362,NineMileCreekWMA
842,8/14/2015 1:00,62.019,NineMileCreekWMA
843,8/14/2015 2:00,61.547,NineMileCreekWMA
844,8/14/2015 3:00,61.29,NineMileCreekWMA
845,8/14/2015 4:00,60.818,NineMileCreekWMA
846,8/14/2015 5:00,60.303,NineMileCreekWMA
847,8/14/2015 6:00,60.046,NineMileCreekWMA
848,8/14/2015 7:00,59.702,NineMileCreekWMA
849,8/14/2015 8:00,59.745,NineMileCreekWMA
850,8/14/2015 9:00,60.132,NineMileCreekWMA
851,8/14/2015 10:00,60.948,NineMileCreekWMA
852,8/14/2015 11:00,62.319,NineMileCreekWMA
853,8/14/2015 12:00,63.561,NineMileCreekWMA
854,8/14/2015 13:00,65.017,NineMileCreekWMA
855,8/14/2015 14:00,66.258,NineMileCreekWMA
856,8/14/2015 15:00,67.028,NineMileCreekWMA
857,8/14/2015 16:00,67.158,NineMileCreekWMA
858,8/14/2015 17:00,66.943,NineMileCreekWMA
859,8/14/2015 18:00,66,NineMileCreekWMA
860,8/14/2015 19:00,65.145,NineMileCreekWMA
861,8/14/2015 20:00,64.418,NineMileCreekWMA
862,8/14/2015 21:00,63.903,NineMileCreekWMA
863,8/14/2015 22:00,63.475,NineMileCreekWMA
864,8/14/2015 23:00,62.875,NineMileCreekWMA
865,8/15/2015 0:00,62.704,NineMileCreekWMA
866,8/15/2015 1:00,62.276,NineMileCreekWMA
867,8/15/2015 2:00,62.233,NineMileCreekWMA
868,8/15/2015 3:00,61.934,NineMileCreekWMA
869,8/15/2015 4:00,61.633,NineMileCreekWMA
870,8/15/2015 5:00,61.891,NineMileCreekWMA
871,8/15/2015 6:00,61.891,NineMileCreekWMA
872,8/15/2015 7:00,61.376,NineMileCreekWMA
873,8/15/2015 8:00,61.72,NineMileCreekWMA
874,8/15/2015 9:00,62.362,NineMileCreekWMA
875,8/15/2015 10:00,62.447,NineMileCreekWMA
876,8/15/2015 11:00,63.903,NineMileCreekWMA
877,8/15/2015 12:00,65.017,NineMileCreekWMA
878,8/15/2015 13:00,66.344,NineMileCreekWMA
879,8/15/2015 14:00,67.456,NineMileCreekWMA
880,8/15/2015 15:00,68.013,NineMileCreekWMA
881,8/15/2015 16:00,68.185,NineMileCreekWMA
882,8/15/2015 17:00,67.329,NineMileCreekWMA
883,8/15/2015 18:00,66.087,NineMileCreekWMA
884,8/15/2015 19:00,65.403,NineMileCreekWMA
885,8/15/2015 20:00,64.589,NineMileCreekWMA
886,8/15/2015 21:00,63.862,NineMileCreekWMA
887,8/15/2015 22:00,63.561,NineMileCreekWMA
888,8/15/2015 23:00,63.219,NineMileCreekWMA
889,8/16/2015 0:00,62.919,NineMileCreekWMA
890,8/16/2015 1:00,62.919,NineMileCreekWMA
891,8/16/2015 2:00,62.791,NineMileCreekWMA
892,8/16/2015 3:00,62.704,NineMileCreekWMA
893,8/16/2015 4:00,62.447,NineMileCreekWMA
894,8/16/2015 5:00,62.191,NineMileCreekWMA
895,8/16/2015 6:00,61.761,NineMileCreekWMA
896,8/16/2015 7:00,61.462,NineMileCreekWMA
897,8/16/2015 8:00,61.205,NineMileCreekWMA
898,8/16/2015 9:00,61.162,NineMileCreekWMA
899,8/16/2015 10:00,61.677,NineMileCreekWMA
900,8/16/2015 11:00,62.406,NineMileCreekWMA
901,8/16/2015 12:00,63.475,NineMileCreekWMA
902,8/16/2015 13:00,64.418,NineMileCreekWMA
903,8/16/2015 14:00,65.188,NineMileCreekWMA
904,8/16/2015 15:00,65.574,NineMileCreekWMA
905,8/16/2015 16:00,65.53,NineMileCreekWMA
906,8/16/2015 17:00,65.316,NineMileCreekWMA
907,8/16/2015 18:00,64.589,NineMileCreekWMA
908,8/16/2015 19:00,64.161,NineMileCreekWMA
909,8/16/2015 20:00,63.561,NineMileCreekWMA
910,8/16/2015 21:00,63.176,NineMileCreekWMA
911,8/16/2015 22:00,62.62,NineMileCreekWMA
912,8/16/2015 23:00,62.191,NineMileCreekWMA
913,8/17/2015 0:00,61.848,NineMileCreekWMA
914,8/17/2015 1:00,61.462,NineMileCreekWMA
915,8/17/2015 2:00,61.248,NineMileCreekWMA
916,8/17/2015 3:00,61.075,NineMileCreekWMA
917,8/17/2015 4:00,61.075,NineMileCreekWMA
918,8/17/2015 5:00,60.733,NineMileCreekWMA
919,8/17/2015 6:00,60.433,NineMileCreekWMA
920,8/17/2015 7:00,60.647,NineMileCreekWMA
921,8/17/2015 8:00,60.69,NineMileCreekWMA
922,8/17/2015 9:00,60.26,NineMileCreekWMA
923,8/17/2015 10:00,60.303,NineMileCreekWMA
924,8/17/2015 11:00,60.517,NineMileCreekWMA
925,8/17/2015 12:00,60.818,NineMileCreekWMA
926,8/17/2015 13:00,60.818,NineMileCreekWMA
927,8/17/2015 14:00,61.333,NineMileCreekWMA
928,8/17/2015 15:00,62.105,NineMileCreekWMA
929,8/17/2015 16:00,62.319,NineMileCreekWMA
930,8/17/2015 17:00,62.362,NineMileCreekWMA
931,8/17/2015 18:00,61.72,NineMileCreekWMA
932,8/17/2015 19:00,61.376,NineMileCreekWMA
933,8/17/2015 20:00,60.991,NineMileCreekWMA
934,8/17/2015 21:00,60.775,NineMileCreekWMA
935,8/17/2015 22:00,60.861,NineMileCreekWMA
936,8/17/2015 23:00,60.474,NineMileCreekWMA
937,8/18/2015 0:00,60.474,NineMileCreekWMA
938,8/18/2015 1:00,59.83,NineMileCreekWMA
939,8/18/2015 2:00,59.616,NineMileCreekWMA
940,8/18/2015 3:00,58.798,NineMileCreekWMA
941,8/18/2015 4:00,58.541,NineMileCreekWMA
942,8/18/2015 5:00,58.325,NineMileCreekWMA
943,8/18/2015 6:00,58.239,NineMileCreekWMA
944,8/18/2015 7:00,58.109,NineMileCreekWMA
945,8/18/2015 8:00,61.119,NineMileCreekWMA
946,8/18/2015 9:00,58.669,NineMileCreekWMA
947,8/18/2015 10:00,58.669,NineMileCreekWMA
948,8/18/2015 11:00,58.798,NineMileCreekWMA
949,8/18/2015 12:00,58.798,NineMileCreekWMA
950,8/18/2015 13:00,59.529,NineMileCreekWMA
951,8/18/2015 14:00,60.089,NineMileCreekWMA
952,8/18/2015 15:00,61.075,NineMileCreekWMA
953,8/18/2015 16:00,61.804,NineMileCreekWMA
954,8/18/2015 17:00,61.677,NineMileCreekWMA
955,8/18/2015 18:00,61.29,NineMileCreekWMA
956,8/18/2015 19:00,60.818,NineMileCreekWMA
957,8/18/2015 20:00,60.217,NineMileCreekWMA
958,8/18/2015 21:00,59.572,NineMileCreekWMA
959,8/18/2015 22:00,59.099,NineMileCreekWMA
960,8/18/2015 23:00,58.712,NineMileCreekWMA
961,8/19/2015 0:00,58.582,NineMileCreekWMA
962,8/19/2015 1:00,58.498,NineMileCreekWMA
963,8/19/2015 2:00,58.411,NineMileCreekWMA
964,8/19/2015 3:00,58.239,NineMileCreekWMA
965,8/19/2015 4:00,58.109,NineMileCreekWMA
966,8/19/2015 5:00,57.979,NineMileCreekWMA
967,8/19/2015 6:00,57.807,NineMileCreekWMA
968,8/19/2015 7:00,57.636,NineMileCreekWMA
969,8/19/2015 8:00,57.679,NineMileCreekWMA
970,8/19/2015 9:00,57.807,NineMileCreekWMA
971,8/19/2015 10:00,58.411,NineMileCreekWMA
972,8/19/2015 11:00,59.445,NineMileCreekWMA
973,8/19/2015 12:00,60.474,NineMileCreekWMA
974,8/19/2015 13:00,61.804,NineMileCreekWMA
975,8/19/2015 14:00,62.834,NineMileCreekWMA
976,8/19/2015 15:00,63.347,NineMileCreekWMA
977,8/19/2015 16:00,63.561,NineMileCreekWMA
978,8/19/2015 17:00,63.39,NineMileCreekWMA
979,8/19/2015 18:00,62.962,NineMileCreekWMA
980,8/19/2015 19:00,62.362,NineMileCreekWMA
981,8/19/2015 20:00,61.506,NineMileCreekWMA
982,8/19/2015 21:00,60.818,NineMileCreekWMA
983,8/19/2015 22:00,60.132,NineMileCreekWMA
984,8/19/2015 23:00,59.529,NineMileCreekWMA
985,8/20/2015 0:00,59.014,NineMileCreekWMA
986,8/20/2015 1:00,58.755,NineMileCreekWMA
987,8/20/2015 2:00,58.368,NineMileCreekWMA
988,8/20/2015 3:00,58.109,NineMileCreekWMA
989,8/20/2015 4:00,57.936,NineMileCreekWMA
990,8/20/2015 5:00,57.807,NineMileCreekWMA
991,8/20/2015 6:00,57.333,NineMileCreekWMA
992,8/20/2015 7:00,56.944,NineMileCreekWMA
993,8/20/2015 8:00,57.031,NineMileCreekWMA
994,8/20/2015 9:00,57.376,NineMileCreekWMA
995,8/20/2015 10:00,58.239,NineMileCreekWMA
996,8/20/2015 11:00,59.486,NineMileCreekWMA
997,8/20/2015 12:00,60.991,NineMileCreekWMA
998,8/20/2015 13:00,62.533,NineMileCreekWMA
999,8/20/2015 14:00,63.732,NineMileCreekWMA
1000,8/20/2015 15:00,64.418,NineMileCreekWMA
1001,8/20/2015 16:00,64.674,NineMileCreekWMA
1002,8/20/2015 17:00,64.459,NineMileCreekWMA
1003,8/20/2015 18:00,64.033,NineMileCreekWMA
1004,8/20/2015 19:00,63.475,NineMileCreekWMA
1005,8/20/2015 20:00,62.748,NineMileCreekWMA
1006,8/20/2015 21:00,62.019,NineMileCreekWMA
1007,8/20/2015 22:00,61.419,NineMileCreekWMA
1008,8/20/2015 23:00,60.775,NineMileCreekWMA
1009,8/21/2015 0:00,60.39,NineMileCreekWMA
1010,8/21/2015 1:00,60.003,NineMileCreekWMA
1011,8/21/2015 2:00,59.616,NineMileCreekWMA
1012,8/21/2015 3:00,59.185,NineMileCreekWMA
1013,8/21/2015 4:00,58.928,NineMileCreekWMA
1014,8/21/2015 5:00,58.455,NineMileCreekWMA
1015,8/21/2015 6:00,58.195,NineMileCreekWMA
1016,8/21/2015 7:00,58.066,NineMileCreekWMA
1017,8/21/2015 8:00,57.893,NineMileCreekWMA
1018,8/21/2015 9:00,58.239,NineMileCreekWMA
1019,8/21/2015 10:00,59.014,NineMileCreekWMA
1020,8/21/2015 11:00,60.089,NineMileCreekWMA
1021,8/21/2015 12:00,61.376,NineMileCreekWMA
1022,8/21/2015 13:00,62.62,NineMileCreekWMA
1023,8/21/2015 14:00,63.689,NineMileCreekWMA
1024,8/21/2015 15:00,64.503,NineMileCreekWMA
1025,8/21/2015 16:00,64.974,NineMileCreekWMA
1026,8/21/2015 17:00,64.931,NineMileCreekWMA
1027,8/21/2015 18:00,64.375,NineMileCreekWMA
1028,8/21/2015 19:00,63.819,NineMileCreekWMA
1029,8/21/2015 20:00,63.005,NineMileCreekWMA
1030,8/21/2015 21:00,62.62,NineMileCreekWMA
1031,8/21/2015 22:00,62.019,NineMileCreekWMA
1032,8/21/2015 23:00,61.376,NineMileCreekWMA
1033,8/22/2015 0:00,61.032,NineMileCreekWMA
1034,8/22/2015 1:00,60.561,NineMileCreekWMA
1035,8/22/2015 2:00,60.174,NineMileCreekWMA
1036,8/22/2015 3:00,59.788,NineMileCreekWMA
1037,8/22/2015 4:00,59.315,NineMileCreekWMA
1038,8/22/2015 5:00,58.928,NineMileCreekWMA
1039,8/22/2015 6:00,58.455,NineMileCreekWMA
1040,8/22/2015 7:00,58.239,NineMileCreekWMA
1041,8/22/2015 8:00,58.195,NineMileCreekWMA
1042,8/22/2015 9:00,58.669,NineMileCreekWMA
1043,8/22/2015 10:00,59.014,NineMileCreekWMA
1044,8/22/2015 11:00,59.745,NineMileCreekWMA
1045,8/22/2015 12:00,60.647,NineMileCreekWMA
1046,8/22/2015 13:00,61.59,NineMileCreekWMA
1047,8/22/2015 14:00,62.233,NineMileCreekWMA
1048,8/22/2015 15:00,62.704,NineMileCreekWMA
1049,8/22/2015 16:00,62.791,NineMileCreekWMA
1050,8/22/2015 17:00,62.49,NineMileCreekWMA
1051,8/22/2015 18:00,61.848,NineMileCreekWMA
1052,8/22/2015 19:00,61.248,NineMileCreekWMA
1053,8/22/2015 20:00,60.561,NineMileCreekWMA
1054,8/22/2015 21:00,59.873,NineMileCreekWMA
1055,8/22/2015 22:00,59.358,NineMileCreekWMA
1056,8/22/2015 23:00,58.582,NineMileCreekWMA
1057,8/23/2015 0:00,58.325,NineMileCreekWMA
1058,8/23/2015 1:00,57.979,NineMileCreekWMA
1059,8/23/2015 2:00,57.549,NineMileCreekWMA
1060,8/23/2015 3:00,57.204,NineMileCreekWMA
1061,8/23/2015 4:00,56.988,NineMileCreekWMA
1062,8/23/2015 5:00,56.512,NineMileCreekWMA
1063,8/23/2015 6:00,56.295,NineMileCreekWMA
1064,8/23/2015 7:00,55.776,NineMileCreekWMA
1065,8/23/2015 8:00,56.208,NineMileCreekWMA
1066,8/23/2015 9:00,56.685,NineMileCreekWMA
1067,8/23/2015 10:00,57.333,NineMileCreekWMA
1068,8/23/2015 11:00,58.498,NineMileCreekWMA
1069,8/23/2015 12:00,59.702,NineMileCreekWMA
1070,8/23/2015 13:00,60.948,NineMileCreekWMA
1071,8/23/2015 14:00,61.934,NineMileCreekWMA
1072,8/23/2015 15:00,62.62,NineMileCreekWMA
1073,8/23/2015 16:00,62.875,NineMileCreekWMA
1074,8/23/2015 17:00,62.704,NineMileCreekWMA
1075,8/23/2015 18:00,62.319,NineMileCreekWMA
1076,8/23/2015 19:00,61.804,NineMileCreekWMA
1077,8/23/2015 20:00,61.205,NineMileCreekWMA
1078,8/23/2015 21:00,60.604,NineMileCreekWMA
1079,8/23/2015 22:00,59.916,NineMileCreekWMA
1080,8/23/2015 23:00,59.486,NineMileCreekWMA
1081,8/24/2015 0:00,59.014,NineMileCreekWMA
1082,8/24/2015 1:00,58.755,NineMileCreekWMA
1083,8/24/2015 2:00,58.368,NineMileCreekWMA
1084,8/24/2015 3:00,58.023,NineMileCreekWMA
1085,8/24/2015 4:00,57.722,NineMileCreekWMA
1086,8/24/2015 5:00,57.29,NineMileCreekWMA
1087,8/24/2015 6:00,57.031,NineMileCreekWMA
1088,8/24/2015 7:00,56.728,NineMileCreekWMA
1089,8/24/2015 8:00,56.728,NineMileCreekWMA
1090,8/24/2015 9:00,57.204,NineMileCreekWMA
1091,8/24/2015 10:00,57.979,NineMileCreekWMA
1092,8/24/2015 11:00,59.185,NineMileCreekWMA
1093,8/24/2015 12:00,60.474,NineMileCreekWMA
1094,8/24/2015 13:00,61.761,NineMileCreekWMA
1095,8/24/2015 14:00,62.919,NineMileCreekWMA
1096,8/24/2015 15:00,63.732,NineMileCreekWMA
1097,8/24/2015 16:00,64.074,NineMileCreekWMA
1098,8/24/2015 17:00,63.99,NineMileCreekWMA
1099,8/24/2015 18:00,63.648,NineMileCreekWMA
1100,8/24/2015 19:00,63.09,NineMileCreekWMA
1101,8/24/2015 20:00,62.49,NineMileCreekWMA
1102,8/24/2015 21:00,61.848,NineMileCreekWMA
1103,8/24/2015 22:00,61.333,NineMileCreekWMA
1104,8/24/2015 23:00,60.775,NineMileCreekWMA
1105,8/25/2015 0:00,60.474,NineMileCreekWMA
1106,8/25/2015 1:00,60.132,NineMileCreekWMA
1107,8/25/2015 2:00,59.83,NineMileCreekWMA
1108,8/25/2015 3:00,59.529,NineMileCreekWMA
1109,8/25/2015 4:00,59.229,NineMileCreekWMA
1110,8/25/2015 5:00,58.928,NineMileCreekWMA
1111,8/25/2015 6:00,58.582,NineMileCreekWMA
1112,8/25/2015 7:00,58.411,NineMileCreekWMA
1113,8/25/2015 8:00,58.582,NineMileCreekWMA
1114,8/25/2015 9:00,58.669,NineMileCreekWMA
1115,8/25/2015 10:00,59.099,NineMileCreekWMA
1116,8/25/2015 11:00,59.788,NineMileCreekWMA
1117,8/25/2015 12:00,60.861,NineMileCreekWMA
1118,8/25/2015 13:00,62.406,NineMileCreekWMA
1119,8/25/2015 14:00,63.39,NineMileCreekWMA
1120,8/25/2015 15:00,64.247,NineMileCreekWMA
1121,8/25/2015 16:00,64.589,NineMileCreekWMA
1122,8/25/2015 17:00,64.459,NineMileCreekWMA
1123,8/25/2015 18:00,63.946,NineMileCreekWMA
1124,8/25/2015 19:00,63.304,NineMileCreekWMA
1125,8/25/2015 20:00,62.533,NineMileCreekWMA
1126,8/25/2015 21:00,61.934,NineMileCreekWMA
1127,8/25/2015 22:00,61.419,NineMileCreekWMA
1128,8/25/2015 23:00,60.991,NineMileCreekWMA
1129,8/26/2015 0:00,60.733,NineMileCreekWMA
1130,8/26/2015 1:00,60.561,NineMileCreekWMA
1131,8/26/2015 2:00,60.346,NineMileCreekWMA
1132,8/26/2015 3:00,59.959,NineMileCreekWMA
1133,8/26/2015 4:00,59.529,NineMileCreekWMA
1134,8/26/2015 5:00,59.185,NineMileCreekWMA
1135,8/26/2015 6:00,58.755,NineMileCreekWMA
1136,8/26/2015 7:00,58.455,NineMileCreekWMA
1137,8/26/2015 8:00,58.541,NineMileCreekWMA
1138,8/26/2015 9:00,59.014,NineMileCreekWMA
1139,8/26/2015 10:00,59.83,NineMileCreekWMA
1140,8/26/2015 11:00,61.205,NineMileCreekWMA
1141,8/26/2015 12:00,62.533,NineMileCreekWMA
1142,8/26/2015 13:00,63.775,NineMileCreekWMA
1143,8/26/2015 14:00,64.931,NineMileCreekWMA
1144,8/26/2015 15:00,65.658,NineMileCreekWMA
1145,8/26/2015 16:00,65.829,NineMileCreekWMA
1146,8/26/2015 17:00,65.487,NineMileCreekWMA
1147,8/26/2015 18:00,64.76,NineMileCreekWMA
1148,8/26/2015 19:00,63.99,NineMileCreekWMA
1149,8/26/2015 20:00,63.133,NineMileCreekWMA
1150,8/26/2015 21:00,62.362,NineMileCreekWMA
1151,8/26/2015 22:00,61.977,NineMileCreekWMA
1152,8/26/2015 23:00,61.59,NineMileCreekWMA
1153,8/27/2015 0:00,61.162,NineMileCreekWMA
1154,8/27/2015 1:00,60.818,NineMileCreekWMA
1155,8/27/2015 2:00,60.474,NineMileCreekWMA
1156,8/27/2015 3:00,60.174,NineMileCreekWMA
1157,8/27/2015 4:00,60.046,NineMileCreekWMA
1158,8/27/2015 5:00,60.089,NineMileCreekWMA
1159,8/27/2015 6:00,60.046,NineMileCreekWMA
1160,8/27/2015 7:00,59.916,NineMileCreekWMA
1161,8/27/2015 8:00,59.916,NineMileCreekWMA
1162,8/27/2015 9:00,60.474,NineMileCreekWMA
1163,8/27/2015 10:00,61.119,NineMileCreekWMA
1164,8/27/2015 11:00,61.977,NineMileCreekWMA
1165,8/27/2015 12:00,63.005,NineMileCreekWMA
1166,8/27/2015 13:00,64.074,NineMileCreekWMA
1167,8/27/2015 14:00,64.931,NineMileCreekWMA
1168,8/27/2015 15:00,64.888,NineMileCreekWMA
1169,8/27/2015 16:00,64.76,NineMileCreekWMA
1170,8/27/2015 17:00,64.375,NineMileCreekWMA
1171,8/27/2015 18:00,63.775,NineMileCreekWMA
1172,8/27/2015 19:00,63.005,NineMileCreekWMA
1173,8/27/2015 20:00,62.233,NineMileCreekWMA
1174,8/27/2015 21:00,61.547,NineMileCreekWMA
1175,8/27/2015 22:00,60.991,NineMileCreekWMA
1176,8/27/2015 23:00,60.474,NineMileCreekWMA
1177,8/28/2015 0:00,60.132,NineMileCreekWMA
1178,8/28/2015 1:00,59.873,NineMileCreekWMA
1179,8/28/2015 2:00,59.486,NineMileCreekWMA
1180,8/28/2015 3:00,59.142,NineMileCreekWMA
1181,8/28/2015 4:00,58.798,NineMileCreekWMA
1182,8/28/2015 5:00,58.498,NineMileCreekWMA
1183,8/28/2015 6:00,58.195,NineMileCreekWMA
1184,8/28/2015 7:00,58.109,NineMileCreekWMA
1185,8/28/2015 8:00,58.152,NineMileCreekWMA
1186,8/28/2015 9:00,58.582,NineMileCreekWMA
1187,8/28/2015 10:00,59.358,NineMileCreekWMA
1188,8/28/2015 11:00,60.517,NineMileCreekWMA
1189,8/28/2015 12:00,61.848,NineMileCreekWMA
1190,8/28/2015 13:00,63.262,NineMileCreekWMA
1191,8/28/2015 14:00,64.033,NineMileCreekWMA
1192,8/28/2015 15:00,64.418,NineMileCreekWMA
1193,8/28/2015 16:00,64.459,NineMileCreekWMA
1194,8/28/2015 17:00,64.161,NineMileCreekWMA
1195,8/28/2015 18:00,63.604,NineMileCreekWMA
1196,8/28/2015 19:00,62.919,NineMileCreekWMA
1197,8/28/2015 20:00,62.105,NineMileCreekWMA
1198,8/28/2015 21:00,61.29,NineMileCreekWMA
1199,8/28/2015 22:00,60.561,NineMileCreekWMA
1200,8/28/2015 23:00,60.003,NineMileCreekWMA
1201,8/29/2015 0:00,59.529,NineMileCreekWMA
1202,8/29/2015 1:00,59.142,NineMileCreekWMA
1203,8/29/2015 2:00,58.755,NineMileCreekWMA
1204,8/29/2015 3:00,58.411,NineMileCreekWMA
1205,8/29/2015 4:00,58.152,NineMileCreekWMA
1206,8/29/2015 5:00,57.893,NineMileCreekWMA
1207,8/29/2015 6:00,57.549,NineMileCreekWMA
1208,8/29/2015 7:00,57.333,NineMileCreekWMA
1209,8/29/2015 8:00,57.29,NineMileCreekWMA
1210,8/29/2015 9:00,57.722,NineMileCreekWMA
1211,8/29/2015 10:00,58.541,NineMileCreekWMA
1212,8/29/2015 11:00,59.572,NineMileCreekWMA
1213,8/29/2015 12:00,60.733,NineMileCreekWMA
1214,8/29/2015 13:00,62.233,NineMileCreekWMA
1215,8/29/2015 14:00,63.39,NineMileCreekWMA
1216,8/29/2015 15:00,64.033,NineMileCreekWMA
1217,8/29/2015 16:00,64.161,NineMileCreekWMA
1218,8/29/2015 17:00,63.903,NineMileCreekWMA
1219,8/29/2015 18:00,63.347,NineMileCreekWMA
1220,8/29/2015 19:00,62.661,NineMileCreekWMA
1221,8/29/2015 20:00,61.934,NineMileCreekWMA
1222,8/29/2015 21:00,61.333,NineMileCreekWMA
1223,8/29/2015 22:00,60.818,NineMileCreekWMA
1224,8/29/2015 23:00,60.474,NineMileCreekWMA
1225,8/30/2015 0:00,60.174,NineMileCreekWMA
1226,8/30/2015 1:00,59.788,NineMileCreekWMA
1227,8/30/2015 2:00,59.358,NineMileCreekWMA
1228,8/30/2015 3:00,59.056,NineMileCreekWMA
1229,8/30/2015 4:00,58.755,NineMileCreekWMA
1230,8/30/2015 5:00,58.411,NineMileCreekWMA
1231,8/30/2015 6:00,58.109,NineMileCreekWMA
1232,8/30/2015 7:00,57.85,NineMileCreekWMA
1233,8/30/2015 8:00,57.893,NineMileCreekWMA
1234,8/30/2015 9:00,58.325,NineMileCreekWMA
1235,8/30/2015 10:00,59.142,NineMileCreekWMA
1236,8/30/2015 11:00,60.089,NineMileCreekWMA
1237,8/30/2015 12:00,61.075,NineMileCreekWMA
1238,8/30/2015 13:00,62.704,NineMileCreekWMA
1239,8/30/2015 14:00,64.033,NineMileCreekWMA
1240,8/30/2015 15:00,64.76,NineMileCreekWMA
1241,8/30/2015 16:00,65.017,NineMileCreekWMA
1242,8/30/2015 17:00,64.845,NineMileCreekWMA
1243,8/30/2015 18:00,64.332,NineMileCreekWMA
1244,8/30/2015 19:00,63.689,NineMileCreekWMA
1245,8/30/2015 20:00,63.048,NineMileCreekWMA
1246,8/30/2015 21:00,62.533,NineMileCreekWMA
1247,8/30/2015 22:00,62.105,NineMileCreekWMA
1248,8/30/2015 23:00,61.848,NineMileCreekWMA
1249,8/31/2015 0:00,61.677,NineMileCreekWMA
1250,8/31/2015 1:00,61.419,NineMileCreekWMA
1251,8/31/2015 2:00,61.162,NineMileCreekWMA
1252,8/31/2015 3:00,60.818,NineMileCreekWMA
1253,8/31/2015 4:00,60.517,NineMileCreekWMA
1254,8/31/2015 5:00,60.174,NineMileCreekWMA
1255,8/31/2015 6:00,59.873,NineMileCreekWMA
1256,8/31/2015 7:00,59.702,NineMileCreekWMA
1257,8/31/2015 8:00,59.702,NineMileCreekWMA
1258,8/31/2015 9:00,59.788,NineMileCreekWMA
1259,8/31/2015 10:00,60.174,NineMileCreekWMA
1260,8/31/2015 11:00,60.861,NineMileCreekWMA
1261,8/31/2015 12:00,61.761,NineMileCreekWMA
1262,8/31/2015 13:00,62.62,NineMileCreekWMA
1263,8/31/2015 14:00,63.433,NineMileCreekWMA
1264,8/31/2015 15:00,64.074,NineMileCreekWMA
1265,8/31/2015 16:00,64.503,NineMileCreekWMA
1266,8/31/2015 17:00,64.247,NineMileCreekWMA
1267,8/31/2015 18:00,63.732,NineMileCreekWMA
1268,8/31/2015 19:00,63.005,NineMileCreekWMA
1269,8/31/2015 20:00,62.276,NineMileCreekWMA
1270,8/31/2015 21:00,61.72,NineMileCreekWMA
1271,8/31/2015 22:00,61.29,NineMileCreekWMA
1272,8/31/2015 23:00,60.818,NineMileCreekWMA
1273,9/1/2015 0:00,60.474,NineMileCreekWMA
1274,9/1/2015 1:00,60.089,NineMileCreekWMA
1275,9/1/2015 2:00,59.745,NineMileCreekWMA
1276,9/1/2015 3:00,59.445,NineMileCreekWMA
1277,9/1/2015 4:00,59.099,NineMileCreekWMA
1278,9/1/2015 5:00,58.755,NineMileCreekWMA
1279,9/1/2015 6:00,58.498,NineMileCreekWMA
1280,9/1/2015 7:00,58.282,NineMileCreekWMA
1281,9/1/2015 8:00,58.195,NineMileCreekWMA
1282,9/1/2015 9:00,58.582,NineMileCreekWMA
1283,9/1/2015 10:00,59.445,NineMileCreekWMA
1284,9/1/2015 11:00,60.733,NineMileCreekWMA
1285,9/1/2015 12:00,62.191,NineMileCreekWMA
1286,9/1/2015 13:00,63.648,NineMileCreekWMA
1287,9/1/2015 14:00,64.674,NineMileCreekWMA
1288,9/1/2015 15:00,65.273,NineMileCreekWMA
1289,9/1/2015 16:00,65.273,NineMileCreekWMA
1290,9/1/2015 17:00,64.888,NineMileCreekWMA
1291,9/1/2015 18:00,64.247,NineMileCreekWMA
1292,9/1/2015 19:00,63.39,NineMileCreekWMA
1293,9/1/2015 20:00,62.447,NineMileCreekWMA
1294,9/1/2015 21:00,61.761,NineMileCreekWMA
1295,9/1/2015 22:00,61.162,NineMileCreekWMA
1296,9/1/2015 23:00,60.604,NineMileCreekWMA
1297,9/2/2015 0:00,60.217,NineMileCreekWMA
1298,9/2/2015 1:00,59.788,NineMileCreekWMA
1299,9/2/2015 2:00,59.401,NineMileCreekWMA
1300,9/2/2015 3:00,59.056,NineMileCreekWMA
1301,9/2/2015 4:00,58.712,NineMileCreekWMA
1302,9/2/2015 5:00,58.455,NineMileCreekWMA
1303,9/2/2015 6:00,58.239,NineMileCreekWMA
1304,9/2/2015 7:00,58.066,NineMileCreekWMA
1305,9/2/2015 8:00,58.109,NineMileCreekWMA
1306,9/2/2015 9:00,58.626,NineMileCreekWMA
1307,9/2/2015 10:00,59.445,NineMileCreekWMA
1308,9/2/2015 11:00,60.733,NineMileCreekWMA
1309,9/2/2015 12:00,62.105,NineMileCreekWMA
1310,9/2/2015 13:00,63.39,NineMileCreekWMA
1311,9/2/2015 14:00,64.418,NineMileCreekWMA
1312,9/2/2015 15:00,65.017,NineMileCreekWMA
1313,9/2/2015 16:00,65.145,NineMileCreekWMA
1314,9/2/2015 17:00,64.674,NineMileCreekWMA
1315,9/2/2015 18:00,63.99,NineMileCreekWMA
1316,9/2/2015 19:00,63.475,NineMileCreekWMA
1317,9/2/2015 20:00,62.791,NineMileCreekWMA
1318,9/2/2015 21:00,62.105,NineMileCreekWMA
1319,9/2/2015 22:00,61.547,NineMileCreekWMA
1320,9/2/2015 23:00,61.119,NineMileCreekWMA
1321,9/3/2015 0:00,60.733,NineMileCreekWMA
1322,9/3/2015 1:00,60.474,NineMileCreekWMA
1323,9/3/2015 2:00,60.217,NineMileCreekWMA
1324,9/3/2015 3:00,59.959,NineMileCreekWMA
1325,9/3/2015 4:00,59.616,NineMileCreekWMA
1326,9/3/2015 5:00,59.272,NineMileCreekWMA
1327,9/3/2015 6:00,59.014,NineMileCreekWMA
1328,9/3/2015 7:00,58.712,NineMileCreekWMA
1329,9/3/2015 8:00,58.669,NineMileCreekWMA
1330,9/3/2015 9:00,59.142,NineMileCreekWMA
1331,9/3/2015 10:00,59.916,NineMileCreekWMA
1332,9/3/2015 11:00,61.075,NineMileCreekWMA
1333,9/3/2015 12:00,62.276,NineMileCreekWMA
1334,9/3/2015 13:00,62.962,NineMileCreekWMA
1335,9/3/2015 14:00,63.09,NineMileCreekWMA
1336,9/3/2015 15:00,63.39,NineMileCreekWMA
1337,9/3/2015 16:00,63.219,NineMileCreekWMA
1338,9/3/2015 17:00,62.447,NineMileCreekWMA
1339,9/3/2015 18:00,61.419,NineMileCreekWMA
1340,9/3/2015 19:00,61.205,NineMileCreekWMA
1341,9/3/2015 20:00,61.032,NineMileCreekWMA
1342,9/3/2015 21:00,60.861,NineMileCreekWMA
1343,9/3/2015 22:00,60.733,NineMileCreekWMA
1344,9/3/2015 23:00,60.604,NineMileCreekWMA
1345,9/4/2015 0:00,60.474,NineMileCreekWMA
1346,9/4/2015 1:00,60.217,NineMileCreekWMA
1347,9/4/2015 2:00,59.83,NineMileCreekWMA
1348,9/4/2015 3:00,59.401,NineMileCreekWMA
1349,9/4/2015 4:00,59.014,NineMileCreekWMA
1350,9/4/2015 5:00,58.669,NineMileCreekWMA
1351,9/4/2015 6:00,58.282,NineMileCreekWMA
1352,9/4/2015 7:00,57.936,NineMileCreekWMA
1353,9/4/2015 8:00,57.893,NineMileCreekWMA
1354,9/4/2015 9:00,58.325,NineMileCreekWMA
1355,9/4/2015 10:00,59.185,NineMileCreekWMA
1356,9/4/2015 11:00,60.517,NineMileCreekWMA
1357,9/4/2015 12:00,62.062,NineMileCreekWMA
1358,9/4/2015 13:00,63.475,NineMileCreekWMA
1359,9/4/2015 14:00,64.074,NineMileCreekWMA
1360,9/4/2015 15:00,64.247,NineMileCreekWMA
1361,9/4/2015 16:00,64.033,NineMileCreekWMA
1362,9/4/2015 17:00,63.518,NineMileCreekWMA
1363,9/4/2015 18:00,62.276,NineMileCreekWMA
1364,9/4/2015 19:00,61.59,NineMileCreekWMA
1365,9/4/2015 20:00,61.205,NineMileCreekWMA
1366,9/4/2015 21:00,60.861,NineMileCreekWMA
1367,9/4/2015 22:00,60.69,NineMileCreekWMA
1368,9/4/2015 23:00,60.604,NineMileCreekWMA
1369,9/5/2015 0:00,60.433,NineMileCreekWMA
1370,9/5/2015 1:00,60.217,NineMileCreekWMA
1371,9/5/2015 2:00,60.089,NineMileCreekWMA
1372,9/5/2015 3:00,59.916,NineMileCreekWMA
1373,9/5/2015 4:00,59.745,NineMileCreekWMA
1374,9/5/2015 5:00,59.572,NineMileCreekWMA
1375,9/5/2015 6:00,59.401,NineMileCreekWMA
1376,9/5/2015 7:00,59.272,NineMileCreekWMA
1377,9/5/2015 8:00,59.315,NineMileCreekWMA
1378,9/5/2015 9:00,59.572,NineMileCreekWMA
1379,9/5/2015 10:00,59.83,NineMileCreekWMA
1380,9/5/2015 11:00,60.561,NineMileCreekWMA
1381,9/5/2015 12:00,61.633,NineMileCreekWMA
1382,9/5/2015 13:00,62.533,NineMileCreekWMA
1383,9/5/2015 14:00,63.262,NineMileCreekWMA
1384,9/5/2015 15:00,63.648,NineMileCreekWMA
1385,9/5/2015 16:00,63.732,NineMileCreekWMA
1386,9/5/2015 17:00,63.39,NineMileCreekWMA
1387,9/5/2015 18:00,62.834,NineMileCreekWMA
1388,9/5/2015 19:00,62.276,NineMileCreekWMA
1389,9/5/2015 20:00,61.677,NineMileCreekWMA
1390,9/5/2015 21:00,61.075,NineMileCreekWMA
1391,9/5/2015 22:00,60.561,NineMileCreekWMA
1392,9/5/2015 23:00,60.132,NineMileCreekWMA
1393,9/6/2015 0:00,59.788,NineMileCreekWMA
1394,9/6/2015 1:00,59.529,NineMileCreekWMA
1395,9/6/2015 2:00,59.272,NineMileCreekWMA
1396,9/6/2015 3:00,59.056,NineMileCreekWMA
1397,9/6/2015 4:00,58.755,NineMileCreekWMA
1398,9/6/2015 5:00,58.582,NineMileCreekWMA
1399,9/6/2015 6:00,58.368,NineMileCreekWMA
1400,9/6/2015 7:00,58.195,NineMileCreekWMA
1401,9/6/2015 8:00,58.066,NineMileCreekWMA
1402,9/6/2015 9:00,58.239,NineMileCreekWMA
1403,9/6/2015 10:00,58.755,NineMileCreekWMA
1404,9/6/2015 11:00,59.702,NineMileCreekWMA
1405,9/6/2015 12:00,60.904,NineMileCreekWMA
1406,9/6/2015 13:00,62.019,NineMileCreekWMA
1407,9/6/2015 14:00,62.875,NineMileCreekWMA
1408,9/6/2015 15:00,63.133,NineMileCreekWMA
1409,9/6/2015 16:00,62.962,NineMileCreekWMA
1410,9/6/2015 17:00,62.447,NineMileCreekWMA
1411,9/6/2015 18:00,61.804,NineMileCreekWMA
1412,9/6/2015 19:00,61.162,NineMileCreekWMA
1413,9/6/2015 20:00,60.474,NineMileCreekWMA
1414,9/6/2015 21:00,60.132,NineMileCreekWMA
1415,9/6/2015 22:00,59.873,NineMileCreekWMA
1416,9/6/2015 23:00,59.572,NineMileCreekWMA
1417,9/7/2015 0:00,59.445,NineMileCreekWMA
1418,9/7/2015 1:00,59.229,NineMileCreekWMA
1419,9/7/2015 2:00,58.928,NineMileCreekWMA
1420,9/7/2015 3:00,58.626,NineMileCreekWMA
1421,9/7/2015 4:00,58.282,NineMileCreekWMA
1422,9/7/2015 5:00,58.023,NineMileCreekWMA
1423,9/7/2015 6:00,57.893,NineMileCreekWMA
1424,9/7/2015 7:00,57.807,NineMileCreekWMA
1425,9/7/2015 8:00,57.722,NineMileCreekWMA
1426,9/7/2015 9:00,57.893,NineMileCreekWMA
1427,9/7/2015 10:00,58.582,NineMileCreekWMA
1428,9/7/2015 11:00,59.702,NineMileCreekWMA
1429,9/7/2015 12:00,60.561,NineMileCreekWMA
1430,9/7/2015 13:00,61.547,NineMileCreekWMA
1431,9/7/2015 14:00,62.406,NineMileCreekWMA
1432,9/7/2015 15:00,62.875,NineMileCreekWMA
1433,9/7/2015 16:00,62.533,NineMileCreekWMA
1434,9/7/2015 17:00,62.191,NineMileCreekWMA
1435,9/7/2015 18:00,61.934,NineMileCreekWMA
1436,9/7/2015 19:00,61.419,NineMileCreekWMA
1437,9/7/2015 20:00,60.775,NineMileCreekWMA
1438,9/7/2015 21:00,60.433,NineMileCreekWMA
1439,9/7/2015 22:00,59.873,NineMileCreekWMA
1440,9/7/2015 23:00,59.659,NineMileCreekWMA
1441,9/8/2015 0:00,59.445,NineMileCreekWMA
1442,9/8/2015 1:00,59.099,NineMileCreekWMA
1443,9/8/2015 2:00,58.842,NineMileCreekWMA
1444,9/8/2015 3:00,58.541,NineMileCreekWMA
1445,9/8/2015 4:00,58.152,NineMileCreekWMA
1446,9/8/2015 5:00,57.979,NineMileCreekWMA
1447,9/8/2015 6:00,57.636,NineMileCreekWMA
1448,9/8/2015 7:00,57.42,NineMileCreekWMA
1449,9/8/2015 8:00,57.679,NineMileCreekWMA
1450,9/8/2015 9:00,57.807,NineMileCreekWMA
1451,9/8/2015 10:00,58.152,NineMileCreekWMA
1452,9/8/2015 11:00,58.582,NineMileCreekWMA
1453,9/8/2015 12:00,59.185,NineMileCreekWMA
1454,9/8/2015 13:00,60.39,NineMileCreekWMA
1455,9/8/2015 14:00,61.29,NineMileCreekWMA
1456,9/8/2015 15:00,61.977,NineMileCreekWMA
1457,9/8/2015 16:00,62.191,NineMileCreekWMA
1458,9/8/2015 17:00,62.019,NineMileCreekWMA
1459,9/8/2015 18:00,61.633,NineMileCreekWMA
1460,9/8/2015 19:00,61.075,NineMileCreekWMA
1461,9/8/2015 20:00,60.346,NineMileCreekWMA
1462,9/8/2015 21:00,59.959,NineMileCreekWMA
1463,9/8/2015 22:00,59.445,NineMileCreekWMA
1464,9/8/2015 23:00,59.099,NineMileCreekWMA
1465,9/9/2015 0:00,58.755,NineMileCreekWMA
1466,9/9/2015 1:00,58.411,NineMileCreekWMA
1467,9/9/2015 2:00,58.109,NineMileCreekWMA
1468,9/9/2015 3:00,57.807,NineMileCreekWMA
1469,9/9/2015 4:00,57.679,NineMileCreekWMA
1470,9/9/2015 5:00,57.463,NineMileCreekWMA
1471,9/9/2015 6:00,57.204,NineMileCreekWMA
1472,9/9/2015 7:00,57.29,NineMileCreekWMA
1473,9/9/2015 8:00,57.333,NineMileCreekWMA
1474,9/9/2015 9:00,57.506,NineMileCreekWMA
1475,9/9/2015 10:00,58.066,NineMileCreekWMA
1476,9/9/2015 11:00,59.142,NineMileCreekWMA
1477,9/9/2015 12:00,60.346,NineMileCreekWMA
1478,9/9/2015 13:00,61.506,NineMileCreekWMA
1479,9/9/2015 14:00,62.362,NineMileCreekWMA
1480,9/9/2015 15:00,62.533,NineMileCreekWMA
1481,9/9/2015 16:00,62.406,NineMileCreekWMA
1482,9/9/2015 17:00,62.233,NineMileCreekWMA
1483,9/9/2015 18:00,61.891,NineMileCreekWMA
1484,9/9/2015 19:00,61.506,NineMileCreekWMA
1485,9/9/2015 20:00,61.032,NineMileCreekWMA
1486,9/9/2015 21:00,60.433,NineMileCreekWMA
1487,9/9/2015 22:00,59.788,NineMileCreekWMA
1488,9/9/2015 23:00,59.185,NineMileCreekWMA
1489,9/10/2015 0:00,58.626,NineMileCreekWMA
1490,9/10/2015 1:00,58.239,NineMileCreekWMA
1491,9/10/2015 2:00,57.979,NineMileCreekWMA
1492,9/10/2015 3:00,57.722,NineMileCreekWMA
1493,9/10/2015 4:00,57.42,NineMileCreekWMA
1494,9/10/2015 5:00,57.074,NineMileCreekWMA
1495,9/10/2015 6:00,57.204,NineMileCreekWMA
1496,9/10/2015 7:00,57.031,NineMileCreekWMA
1497,9/10/2015 8:00,57.031,NineMileCreekWMA
1498,9/10/2015 9:00,57.29,NineMileCreekWMA
1499,9/10/2015 10:00,57.679,NineMileCreekWMA
1500,9/10/2015 11:00,58.669,NineMileCreekWMA
1501,9/10/2015 12:00,59.702,NineMileCreekWMA
1502,9/10/2015 13:00,61.162,NineMileCreekWMA
1503,9/10/2015 14:00,61.934,NineMileCreekWMA
1504,9/10/2015 15:00,61.848,NineMileCreekWMA
1505,9/10/2015 16:00,61.934,NineMileCreekWMA
1506,9/10/2015 17:00,61.547,NineMileCreekWMA
1507,9/10/2015 18:00,60.991,NineMileCreekWMA
1508,9/10/2015 19:00,60.39,NineMileCreekWMA
1509,9/10/2015 20:00,59.788,NineMileCreekWMA
1510,9/10/2015 21:00,59.315,NineMileCreekWMA
1511,9/10/2015 22:00,58.798,NineMileCreekWMA
1512,9/10/2015 23:00,58.498,NineMileCreekWMA
1513,9/11/2015 0:00,58.325,NineMileCreekWMA
1514,9/11/2015 1:00,58.066,NineMileCreekWMA
1515,9/11/2015 2:00,57.893,NineMileCreekWMA
1516,9/11/2015 3:00,57.679,NineMileCreekWMA
1517,9/11/2015 4:00,57.333,NineMileCreekWMA
1518,9/11/2015 5:00,57.031,NineMileCreekWMA
1519,9/11/2015 6:00,56.685,NineMileCreekWMA
1520,9/11/2015 7:00,56.383,NineMileCreekWMA
1521,9/11/2015 8:00,56.34,NineMileCreekWMA
1522,9/11/2015 9:00,56.685,NineMileCreekWMA
1523,9/11/2015 10:00,57.549,NineMileCreekWMA
1524,9/11/2015 11:00,58.712,NineMileCreekWMA
1525,9/11/2015 12:00,59.959,NineMileCreekWMA
1526,9/11/2015 13:00,61.162,NineMileCreekWMA
1527,9/11/2015 14:00,62.105,NineMileCreekWMA
1528,9/11/2015 15:00,62.533,NineMileCreekWMA
1529,9/11/2015 16:00,62.49,NineMileCreekWMA
1530,9/11/2015 17:00,62.062,NineMileCreekWMA
1531,9/11/2015 18:00,61.462,NineMileCreekWMA
1532,9/11/2015 19:00,60.69,NineMileCreekWMA
1533,9/11/2015 20:00,59.873,NineMileCreekWMA
1534,9/11/2015 21:00,59.142,NineMileCreekWMA
1535,9/11/2015 22:00,58.626,NineMileCreekWMA
1536,9/11/2015 23:00,58.195,NineMileCreekWMA
1537,9/12/2015 0:00,57.85,NineMileCreekWMA
1538,9/12/2015 1:00,57.549,NineMileCreekWMA
1539,9/12/2015 2:00,57.247,NineMileCreekWMA
1540,9/12/2015 3:00,56.944,NineMileCreekWMA
1541,9/12/2015 4:00,56.599,NineMileCreekWMA
1542,9/12/2015 5:00,56.251,NineMileCreekWMA
1543,9/12/2015 6:00,55.992,NineMileCreekWMA
1544,9/12/2015 7:00,55.69,NineMileCreekWMA
1545,9/12/2015 8:00,55.733,NineMileCreekWMA
1546,9/12/2015 9:00,56.251,NineMileCreekWMA
1547,9/12/2015 10:00,57.16,NineMileCreekWMA
1548,9/12/2015 11:00,58.541,NineMileCreekWMA
1549,9/12/2015 12:00,60.089,NineMileCreekWMA
1550,9/12/2015 13:00,61.59,NineMileCreekWMA
1551,9/12/2015 14:00,62.577,NineMileCreekWMA
1552,9/12/2015 15:00,62.533,NineMileCreekWMA
1553,9/12/2015 16:00,62.834,NineMileCreekWMA
1554,9/12/2015 17:00,62.533,NineMileCreekWMA
1555,9/12/2015 18:00,61.848,NineMileCreekWMA
1556,9/12/2015 19:00,61.075,NineMileCreekWMA
1557,9/12/2015 20:00,60.39,NineMileCreekWMA
1558,9/12/2015 21:00,59.702,NineMileCreekWMA
1559,9/12/2015 22:00,59.099,NineMileCreekWMA
1560,9/12/2015 23:00,58.626,NineMileCreekWMA
1561,9/13/2015 0:00,58.239,NineMileCreekWMA
1562,9/13/2015 1:00,57.893,NineMileCreekWMA
1563,9/13/2015 2:00,57.506,NineMileCreekWMA
1564,9/13/2015 3:00,57.204,NineMileCreekWMA
1565,9/13/2015 4:00,56.901,NineMileCreekWMA
1566,9/13/2015 5:00,56.599,NineMileCreekWMA
1567,9/13/2015 6:00,56.34,NineMileCreekWMA
1568,9/13/2015 7:00,56.079,NineMileCreekWMA
1569,9/13/2015 8:00,56.079,NineMileCreekWMA
1570,9/13/2015 9:00,56.599,NineMileCreekWMA
1571,9/13/2015 10:00,57.549,NineMileCreekWMA
1572,9/13/2015 11:00,58.971,NineMileCreekWMA
1573,9/13/2015 12:00,60.561,NineMileCreekWMA
1574,9/13/2015 13:00,61.977,NineMileCreekWMA
1575,9/13/2015 14:00,63.09,NineMileCreekWMA
1576,9/13/2015 15:00,63.689,NineMileCreekWMA
1577,9/13/2015 16:00,63.732,NineMileCreekWMA
1578,9/13/2015 17:00,63.262,NineMileCreekWMA
1579,9/13/2015 18:00,62.62,NineMileCreekWMA
1580,9/13/2015 19:00,61.804,NineMileCreekWMA
1581,9/13/2015 20:00,60.904,NineMileCreekWMA
1582,9/13/2015 21:00,60.046,NineMileCreekWMA
1583,9/13/2015 22:00,59.358,NineMileCreekWMA
1584,9/13/2015 23:00,58.842,NineMileCreekWMA
1585,9/14/2015 0:00,58.411,NineMileCreekWMA
1586,9/14/2015 1:00,58.023,NineMileCreekWMA
1587,9/14/2015 2:00,57.636,NineMileCreekWMA
1588,9/14/2015 3:00,57.204,NineMileCreekWMA
1589,9/14/2015 4:00,56.772,NineMileCreekWMA
1590,9/14/2015 5:00,56.383,NineMileCreekWMA
1591,9/14/2015 6:00,56.035,NineMileCreekWMA
1592,9/14/2015 7:00,55.776,NineMileCreekWMA
1593,9/14/2015 8:00,56.251,NineMileCreekWMA
1594,9/14/2015 9:00,56.685,NineMileCreekWMA
1595,9/14/2015 10:00,57.679,NineMileCreekWMA
1596,9/14/2015 11:00,59.099,NineMileCreekWMA
1597,9/14/2015 12:00,60.217,NineMileCreekWMA
1598,9/14/2015 13:00,60.775,NineMileCreekWMA
1599,9/14/2015 14:00,61.633,NineMileCreekWMA
1600,9/14/2015 15:00,62.406,NineMileCreekWMA
1601,9/14/2015 16:00,62.49,NineMileCreekWMA
1602,9/14/2015 17:00,62.019,NineMileCreekWMA
1603,9/14/2015 18:00,61.205,NineMileCreekWMA
1604,9/14/2015 19:00,60.733,NineMileCreekWMA
1605,9/14/2015 20:00,60.217,NineMileCreekWMA
1606,9/14/2015 21:00,59.83,NineMileCreekWMA
1607,9/14/2015 22:00,59.445,NineMileCreekWMA
1608,9/14/2015 23:00,59.185,NineMileCreekWMA
1609,9/15/2015 0:00,58.971,NineMileCreekWMA
1610,9/15/2015 1:00,58.842,NineMileCreekWMA
1611,9/15/2015 2:00,58.669,NineMileCreekWMA
1612,9/15/2015 3:00,58.411,NineMileCreekWMA
1613,9/15/2015 4:00,58.152,NineMileCreekWMA
1614,9/15/2015 5:00,57.893,NineMileCreekWMA
1615,9/15/2015 6:00,57.679,NineMileCreekWMA
1616,9/15/2015 7:00,57.463,NineMileCreekWMA
1617,9/15/2015 8:00,57.549,NineMileCreekWMA
1618,9/15/2015 9:00,57.85,NineMileCreekWMA
1619,9/15/2015 10:00,58.368,NineMileCreekWMA
1620,9/15/2015 11:00,59.014,NineMileCreekWMA
1621,9/15/2015 12:00,59.916,NineMileCreekWMA
1622,9/15/2015 13:00,61.162,NineMileCreekWMA
1623,9/15/2015 14:00,61.804,NineMileCreekWMA
1624,9/15/2015 15:00,61.848,NineMileCreekWMA
1625,9/15/2015 16:00,61.977,NineMileCreekWMA
1626,9/15/2015 17:00,61.804,NineMileCreekWMA
1627,9/15/2015 18:00,61.462,NineMileCreekWMA
1628,9/15/2015 19:00,60.991,NineMileCreekWMA
1629,9/15/2015 20:00,60.433,NineMileCreekWMA
1630,9/15/2015 21:00,59.916,NineMileCreekWMA
1631,9/15/2015 22:00,59.486,NineMileCreekWMA
1632,9/15/2015 23:00,59.272,NineMileCreekWMA
1633,9/16/2015 0:00,59.099,NineMileCreekWMA
1634,9/16/2015 1:00,58.928,NineMileCreekWMA
1635,9/16/2015 2:00,58.755,NineMileCreekWMA
1636,9/16/2015 3:00,58.669,NineMileCreekWMA
1637,9/16/2015 4:00,58.411,NineMileCreekWMA
1638,9/16/2015 5:00,58.239,NineMileCreekWMA
1639,9/16/2015 6:00,57.936,NineMileCreekWMA
1640,9/16/2015 7:00,57.679,NineMileCreekWMA
1641,9/16/2015 8:00,57.592,NineMileCreekWMA
1642,9/16/2015 9:00,57.85,NineMileCreekWMA
1643,9/16/2015 10:00,58.498,NineMileCreekWMA
1644,9/16/2015 11:00,59.014,NineMileCreekWMA
1645,9/16/2015 12:00,59.659,NineMileCreekWMA
